Average of regret,Column Labels,,,,,
Row Labels,Deterministic,DeterministicAlternating,EpsilonFirst,EpsilonGreedy,Exp3,Grand Total
0,0,1,1,1,2,1
1,0.5,1.5,0.5,0.5,0.5,0.7
2,0.666666667,2,0.666666667,0.333333333,0.666666667,0.866666667
3,0.75,1.5,0.5,0.25,0.75,0.75
4,0.8,1.8,0.6,0.4,0.8,0.88
5,0.833333333,1.5,0.5,0.333333333,0.666666667,0.766666667
6,0.857142857,1.714285714,0.428571429,0.285714286,0.571428571,0.771428571
7,0.875,1.5,0.375,0.25,0.625,0.725
8,0.888888889,1.666666667,0.444444444,0.222222222,0.666666667,0.777777778
9,0.9,1.5,0.4,0.2,0.6,0.72
10,0.909090909,1.636363636,0.363636364,0.181818182,0.545454545,0.727272727
11,0.916666667,1.5,0.416666667,0.166666667,0.583333333,0.716666667
12,0.923076923,1.615384615,0.461538462,0.153846154,0.538461538,0.738461538
13,0.928571429,1.5,0.5,0.214285714,0.571428571,0.742857143
14,0.933333333,1.6,0.466666667,0.2,0.6,0.76
15,0.9375,1.5,0.5,0.1875,0.5625,0.7375
16,0.941176471,1.588235294,0.529411765,0.176470588,0.529411765,0.752941176
17,0.944444444,1.5,0.5,0.166666667,0.5,0.722222222
18,0.947368421,1.578947368,0.526315789,0.157894737,0.526315789,0.747368421
19,0.95,1.5,0.55,0.15,0.5,0.73
20,0.952380952,1.571428571,0.523809524,0.19047619,0.523809524,0.752380952
21,0.954545455,1.5,0.5,0.181818182,0.5,0.727272727
22,0.956521739,1.565217391,0.52173913,0.173913043,0.52173913,0.747826087
23,0.958333333,1.5,0.5,0.166666667,0.541666667,0.733333333
24,0.96,1.56,0.52,0.16,0.52,0.744
25,0.961538462,1.5,0.538461538,0.153846154,0.5,0.730769231
26,0.962962963,1.555555556,0.518518519,0.148148148,0.518518519,0.740740741
27,0.964285714,1.5,0.5,0.142857143,0.535714286,0.728571429
28,0.965517241,1.551724138,0.482758621,0.137931034,0.517241379,0.731034483
29,0.966666667,1.5,0.5,0.133333333,0.533333333,0.726666667
30,0.967741935,1.548387097,0.483870968,0.129032258,0.548387097,0.735483871
31,0.96875,1.5,0.5,0.125,0.5625,0.73125
32,0.96969697,1.545454545,0.515151515,0.121212121,0.545454545,0.739393939
33,0.970588235,1.5,0.529411765,0.117647059,0.529411765,0.729411765
34,0.971428571,1.542857143,0.514285714,0.114285714,0.542857143,0.737142857
35,0.972222222,1.5,0.5,0.111111111,0.555555556,0.727777778
36,0.972972973,1.540540541,0.486486486,0.108108108,0.540540541,0.72972973
37,0.973684211,1.5,0.5,0.105263158,0.526315789,0.721052632
38,0.974358974,1.538461538,0.512820513,0.102564103,0.538461538,0.733333333
39,0.975,1.5,0.525,0.1,0.55,0.73
40,0.975609756,1.536585366,0.536585366,0.097560976,0.536585366,0.736585366
41,0.976190476,1.5,0.523809524,0.095238095,0.547619048,0.728571429
42,0.976744186,1.534883721,0.511627907,0.093023256,0.534883721,0.730232558
43,0.977272727,1.5,0.522727273,0.090909091,0.522727273,0.722727273
44,0.977777778,1.533333333,0.511111111,0.088888889,0.511111111,0.724444444
45,0.97826087,1.5,0.52173913,0.086956522,0.5,0.717391304
46,0.978723404,1.531914894,0.531914894,0.085106383,0.489361702,0.723404255
47,0.979166667,1.5,0.541666667,0.083333333,0.5,0.720833333
48,0.979591837,1.530612245,0.551020408,0.081632653,0.489795918,0.726530612
49,0.98,1.5,0.56,0.1,0.48,0.724
50,0.980392157,1.529411765,0.549019608,0.098039216,0.490196078,0.729411765
51,0.980769231,1.5,0.538461538,0.096153846,0.480769231,0.719230769
52,0.981132075,1.528301887,0.528301887,0.094339623,0.471698113,0.720754717
53,0.981481481,1.5,0.518518519,0.092592593,0.462962963,0.711111111
54,0.981818182,1.527272727,0.509090909,0.090909091,0.454545455,0.712727273
55,0.982142857,1.5,0.5,0.089285714,0.446428571,0.703571429
56,0.98245614,1.526315789,0.49122807,0.087719298,0.456140351,0.70877193
57,0.982758621,1.5,0.482758621,0.086206897,0.448275862,0.7
58,0.983050847,1.525423729,0.474576271,0.084745763,0.440677966,0.701694915
59,0.983333333,1.5,0.466666667,0.083333333,0.45,0.696666667
60,0.983606557,1.524590164,0.459016393,0.081967213,0.459016393,0.701639344
61,0.983870968,1.5,0.451612903,0.080645161,0.451612903,0.693548387
62,0.984126984,1.523809524,0.444444444,0.079365079,0.444444444,0.695238095
63,0.984375,1.5,0.4375,0.078125,0.4375,0.6875
64,0.984615385,1.523076923,0.430769231,0.076923077,0.446153846,0.692307692
65,0.984848485,1.5,0.424242424,0.075757576,0.439393939,0.684848485
66,0.985074627,1.52238806,0.417910448,0.074626866,0.432835821,0.686567164
67,0.985294118,1.5,0.411764706,0.073529412,0.441176471,0.682352941
68,0.985507246,1.52173913,0.405797101,0.072463768,0.434782609,0.684057971
69,0.985714286,1.5,0.4,0.071428571,0.428571429,0.677142857
70,0.985915493,1.521126761,0.394366197,0.070422535,0.436619718,0.681690141
71,0.986111111,1.5,0.388888889,0.083333333,0.430555556,0.677777778
72,0.98630137,1.520547945,0.383561644,0.082191781,0.438356164,0.682191781
73,0.986486486,1.5,0.378378378,0.081081081,0.432432432,0.675675676
74,0.986666667,1.52,0.373333333,0.093333333,0.426666667,0.68
75,0.986842105,1.5,0.368421053,0.105263158,0.421052632,0.676315789
76,0.987012987,1.519480519,0.363636364,0.103896104,0.415584416,0.677922078
77,0.987179487,1.5,0.358974359,0.102564103,0.41025641,0.671794872
78,0.987341772,1.518987342,0.35443038,0.101265823,0.405063291,0.673417722
79,0.9875,1.5,0.35,0.1,0.4,0.6675
80,0.987654321,1.518518519,0.345679012,0.098765432,0.407407407,0.671604938
81,0.987804878,1.5,0.341463415,0.097560976,0.402439024,0.665853659
82,0.987951807,1.518072289,0.337349398,0.096385542,0.397590361,0.66746988
83,0.988095238,1.5,0.333333333,0.095238095,0.392857143,0.661904762
84,0.988235294,1.517647059,0.329411765,0.094117647,0.4,0.665882353
85,0.988372093,1.5,0.337209302,0.093023256,0.395348837,0.662790698
86,0.988505747,1.517241379,0.333333333,0.091954023,0.402298851,0.666666667
87,0.988636364,1.5,0.329545455,0.090909091,0.397727273,0.661363636
88,0.988764045,1.516853933,0.337078652,0.08988764,0.393258427,0.665168539
89,0.988888889,1.5,0.333333333,0.088888889,0.388888889,0.66
90,0.989010989,1.516483516,0.32967033,0.087912088,0.384615385,0.661538462
91,0.989130435,1.5,0.336956522,0.086956522,0.380434783,0.658695652
92,0.989247312,1.516129032,0.333333333,0.086021505,0.376344086,0.660215054
93,0.989361702,1.5,0.329787234,0.085106383,0.372340426,0.655319149
94,0.989473684,1.515789474,0.336842105,0.084210526,0.368421053,0.658947368
95,0.989583333,1.5,0.333333333,0.09375,0.364583333,0.65625
96,0.989690722,1.515463918,0.329896907,0.092783505,0.360824742,0.657731959
97,0.989795918,1.5,0.336734694,0.091836735,0.367346939,0.657142857
98,0.98989899,1.515151515,0.333333333,0.090909091,0.363636364,0.658585859
99,0.99,1.5,0.33,0.09,0.36,0.654
100,0.99009901,1.514851485,0.336633663,0.089108911,0.366336634,0.659405941
101,0.990196078,1.5,0.333333333,0.088235294,0.362745098,0.654901961
102,0.990291262,1.514563107,0.330097087,0.087378641,0.359223301,0.65631068
103,0.990384615,1.5,0.336538462,0.086538462,0.365384615,0.655769231
104,0.99047619,1.514285714,0.333333333,0.085714286,0.361904762,0.657142857
105,0.990566038,1.5,0.330188679,0.08490566,0.358490566,0.652830189
106,0.990654206,1.514018692,0.336448598,0.08411215,0.355140187,0.656074766
107,0.990740741,1.5,0.333333333,0.083333333,0.351851852,0.651851852
108,0.990825688,1.513761468,0.330275229,0.082568807,0.348623853,0.653211009
109,0.990909091,1.5,0.336363636,0.081818182,0.345454545,0.650909091
110,0.990990991,1.513513514,0.333333333,0.09009009,0.342342342,0.654054054
111,0.991071429,1.5,0.330357143,0.089285714,0.339285714,0.65
112,0.991150442,1.513274336,0.336283186,0.088495575,0.345132743,0.654867257
113,0.99122807,1.5,0.333333333,0.087719298,0.350877193,0.652631579
114,0.991304348,1.513043478,0.330434783,0.086956522,0.347826087,0.653913043
115,0.99137931,1.5,0.336206897,0.086206897,0.344827586,0.651724138
116,0.991452991,1.512820513,0.333333333,0.085470085,0.341880342,0.652991453
117,0.991525424,1.5,0.330508475,0.084745763,0.338983051,0.649152542
118,0.991596639,1.512605042,0.336134454,0.084033613,0.336134454,0.65210084
119,0.991666667,1.5,0.333333333,0.083333333,0.341666667,0.65
120,0.991735537,1.512396694,0.330578512,0.082644628,0.338842975,0.651239669
121,0.991803279,1.5,0.336065574,0.081967213,0.336065574,0.649180328
122,0.991869919,1.512195122,0.333333333,0.081300813,0.333333333,0.650406504
123,0.991935484,1.5,0.330645161,0.080645161,0.338709677,0.648387097
124,0.992,1.512,0.336,0.08,0.336,0.6512
125,0.992063492,1.5,0.333333333,0.079365079,0.341269841,0.649206349
126,0.992125984,1.511811024,0.330708661,0.086614173,0.346456693,0.653543307
127,0.9921875,1.5,0.3359375,0.0859375,0.34375,0.6515625
128,0.992248062,1.511627907,0.333333333,0.085271318,0.348837209,0.654263566
129,0.992307692,1.5,0.330769231,0.084615385,0.346153846,0.650769231
130,0.992366412,1.511450382,0.335877863,0.083969466,0.351145038,0.654961832
131,0.992424242,1.5,0.333333333,0.090909091,0.348484848,0.653030303
132,0.992481203,1.511278195,0.330827068,0.090225564,0.353383459,0.655639098
133,0.992537313,1.5,0.335820896,0.097014925,0.350746269,0.655223881
134,0.992592593,1.511111111,0.333333333,0.096296296,0.348148148,0.656296296
135,0.992647059,1.5,0.330882353,0.102941176,0.352941176,0.655882353
136,0.99270073,1.510948905,0.335766423,0.102189781,0.350364964,0.658394161
137,0.992753623,1.5,0.333333333,0.101449275,0.355072464,0.656521739
138,0.992805755,1.510791367,0.330935252,0.100719424,0.352517986,0.657553957
139,0.992857143,1.5,0.335714286,0.1,0.357142857,0.657142857
140,0.992907801,1.510638298,0.333333333,0.09929078,0.354609929,0.658156028
141,0.992957746,1.5,0.330985915,0.098591549,0.352112676,0.654929577
142,0.993006993,1.51048951,0.335664336,0.097902098,0.34965035,0.657342657
143,0.993055556,1.5,0.333333333,0.097222222,0.347222222,0.654166667
144,0.993103448,1.510344828,0.331034483,0.096551724,0.344827586,0.655172414
145,0.993150685,1.5,0.335616438,0.095890411,0.342465753,0.653424658
146,0.993197279,1.510204082,0.333333333,0.095238095,0.340136054,0.654421769
147,0.993243243,1.5,0.331081081,0.094594595,0.337837838,0.651351351
148,0.993288591,1.510067114,0.33557047,0.093959732,0.33557047,0.653691275
149,0.993333333,1.5,0.333333333,0.093333333,0.333333333,0.650666667
150,0.993377483,1.509933775,0.331125828,0.092715232,0.331125828,0.651655629
151,0.993421053,1.5,0.335526316,0.092105263,0.328947368,0.65
152,0.993464052,1.509803922,0.333333333,0.091503268,0.326797386,0.650980392
153,0.993506494,1.5,0.331168831,0.090909091,0.324675325,0.648051948
154,0.993548387,1.509677419,0.335483871,0.090322581,0.329032258,0.651612903
155,0.993589744,1.5,0.333333333,0.08974359,0.326923077,0.648717949
156,0.993630573,1.50955414,0.331210191,0.089171975,0.324840764,0.649681529
157,0.993670886,1.5,0.335443038,0.094936709,0.32278481,0.649367089
158,0.993710692,1.509433962,0.333333333,0.094339623,0.327044025,0.651572327
159,0.99375,1.5,0.33125,0.09375,0.33125,0.65
160,0.99378882,1.50931677,0.335403727,0.093167702,0.329192547,0.652173913
161,0.99382716,1.5,0.333333333,0.092592593,0.327160494,0.649382716
162,0.993865031,1.509202454,0.331288344,0.09202454,0.325153374,0.650306748
163,0.993902439,1.5,0.335365854,0.091463415,0.323170732,0.648780488
164,0.993939394,1.509090909,0.333333333,0.090909091,0.321212121,0.64969697
165,0.993975904,1.5,0.331325301,0.090361446,0.319277108,0.646987952
166,0.994011976,1.508982036,0.335329341,0.089820359,0.317365269,0.649101796
167,0.994047619,1.5,0.333333333,0.089285714,0.31547619,0.646428571
168,0.99408284,1.50887574,0.331360947,0.088757396,0.313609467,0.647337278
169,0.994117647,1.5,0.335294118,0.088235294,0.311764706,0.645882353
170,0.994152047,1.50877193,0.333333333,0.087719298,0.315789474,0.647953216
171,0.994186047,1.5,0.331395349,0.087209302,0.313953488,0.645348837
172,0.994219653,1.50867052,0.335260116,0.086705202,0.312138728,0.647398844
173,0.994252874,1.5,0.333333333,0.086206897,0.310344828,0.644827586
174,0.994285714,1.508571429,0.331428571,0.085714286,0.308571429,0.645714286
175,0.994318182,1.5,0.335227273,0.085227273,0.306818182,0.644318182
176,0.994350282,1.508474576,0.333333333,0.084745763,0.305084746,0.64519774
177,0.994382022,1.5,0.331460674,0.084269663,0.303370787,0.642696629
178,0.994413408,1.508379888,0.335195531,0.083798883,0.30726257,0.645810056
179,0.994444444,1.5,0.333333333,0.083333333,0.305555556,0.643333333
180,0.994475138,1.508287293,0.331491713,0.08839779,0.309392265,0.64640884
181,0.994505495,1.5,0.335164835,0.087912088,0.307692308,0.645054945
182,0.994535519,1.508196721,0.333333333,0.087431694,0.306010929,0.645901639
183,0.994565217,1.5,0.331521739,0.086956522,0.304347826,0.643478261
184,0.994594595,1.508108108,0.335135135,0.086486486,0.302702703,0.645405405
185,0.994623656,1.5,0.333333333,0.086021505,0.301075269,0.643010753
186,0.994652406,1.50802139,0.331550802,0.085561497,0.299465241,0.643850267
187,0.994680851,1.5,0.335106383,0.085106383,0.29787234,0.642553191
188,0.994708995,1.507936508,0.333333333,0.084656085,0.301587302,0.644444444
189,0.994736842,1.5,0.331578947,0.084210526,0.3,0.642105263
190,0.994764398,1.507853403,0.335078534,0.083769634,0.298429319,0.643979058
191,0.994791667,1.5,0.333333333,0.083333333,0.296875,0.641666667
192,0.994818653,1.507772021,0.331606218,0.082901554,0.300518135,0.643523316
193,0.994845361,1.5,0.335051546,0.082474227,0.298969072,0.642268041
194,0.994871795,1.507692308,0.333333333,0.082051282,0.297435897,0.643076923
195,0.994897959,1.5,0.331632653,0.081632653,0.295918367,0.640816327
196,0.994923858,1.507614213,0.335025381,0.081218274,0.294416244,0.642639594
197,0.994949495,1.5,0.333333333,0.080808081,0.292929293,0.64040404
198,0.994974874,1.507537688,0.331658291,0.08040201,0.291457286,0.64120603
199,0.995,1.5,0.335,0.08,0.29,0.64
200,0.995024876,1.507462687,0.333333333,0.07960199,0.288557214,0.64079602
201,0.995049505,1.5,0.331683168,0.079207921,0.287128713,0.638613861
202,0.995073892,1.507389163,0.334975369,0.078817734,0.285714286,0.640394089
203,0.995098039,1.5,0.333333333,0.078431373,0.284313725,0.638235294
204,0.995121951,1.507317073,0.331707317,0.07804878,0.282926829,0.63902439
205,0.995145631,1.5,0.334951456,0.077669903,0.281553398,0.637864078
206,0.995169082,1.507246377,0.333333333,0.077294686,0.285024155,0.639613527
207,0.995192308,1.5,0.331730769,0.076923077,0.283653846,0.6375
208,0.995215311,1.507177033,0.33492823,0.076555024,0.282296651,0.63923445
209,0.995238095,1.5,0.333333333,0.076190476,0.280952381,0.637142857
210,0.995260664,1.507109005,0.331753555,0.075829384,0.279620853,0.637914692
211,0.995283019,1.5,0.33490566,0.075471698,0.278301887,0.636792453
212,0.995305164,1.507042254,0.333333333,0.075117371,0.276995305,0.637558685
213,0.995327103,1.5,0.331775701,0.074766355,0.275700935,0.635514019
214,0.995348837,1.506976744,0.334883721,0.074418605,0.274418605,0.637209302
215,0.99537037,1.5,0.333333333,0.074074074,0.273148148,0.635185185
216,0.995391705,1.506912442,0.331797235,0.073732719,0.271889401,0.6359447
217,0.995412844,1.5,0.334862385,0.073394495,0.270642202,0.634862385
218,0.99543379,1.506849315,0.333333333,0.073059361,0.269406393,0.635616438
219,0.995454545,1.5,0.331818182,0.072727273,0.268181818,0.633636364
220,0.995475113,1.50678733,0.334841629,0.07239819,0.266968326,0.635294118
221,0.995495495,1.5,0.333333333,0.072072072,0.27027027,0.634234234
222,0.995515695,1.506726457,0.331838565,0.071748879,0.269058296,0.634977578
223,0.995535714,1.5,0.334821429,0.071428571,0.267857143,0.633928571
224,0.995555556,1.506666667,0.333333333,0.071111111,0.266666667,0.634666667
225,0.995575221,1.5,0.331858407,0.07079646,0.265486726,0.632743363
226,0.995594714,1.50660793,0.334801762,0.070484581,0.264317181,0.634361233
227,0.995614035,1.5,0.333333333,0.070175439,0.263157895,0.63245614
228,0.995633188,1.506550218,0.331877729,0.069868996,0.262008734,0.633187773
229,0.995652174,1.5,0.334782609,0.069565217,0.260869565,0.632173913
230,0.995670996,1.506493506,0.333333333,0.069264069,0.25974026,0.632900433
231,0.995689655,1.5,0.331896552,0.068965517,0.25862069,0.631034483
232,0.995708155,1.506437768,0.334763948,0.068669528,0.25751073,0.632618026
233,0.995726496,1.5,0.333333333,0.068376068,0.256410256,0.630769231
234,0.995744681,1.506382979,0.331914894,0.068085106,0.255319149,0.631489362
235,0.995762712,1.5,0.334745763,0.06779661,0.254237288,0.630508475
236,0.995780591,1.506329114,0.333333333,0.067510549,0.253164557,0.631223629
237,0.995798319,1.5,0.331932773,0.071428571,0.25210084,0.630252101
238,0.9958159,1.506276151,0.334728033,0.071129707,0.251046025,0.631799163
239,0.995833333,1.5,0.333333333,0.070833333,0.25,0.63
240,0.995850622,1.506224066,0.331950207,0.070539419,0.248962656,0.630705394
241,0.995867769,1.5,0.334710744,0.070247934,0.247933884,0.629752066
242,0.995884774,1.50617284,0.333333333,0.069958848,0.24691358,0.630452675
243,0.995901639,1.5,0.331967213,0.069672131,0.245901639,0.628688525
244,0.995918367,1.506122449,0.334693878,0.069387755,0.244897959,0.630204082
245,0.995934959,1.5,0.333333333,0.069105691,0.243902439,0.628455285
246,0.995951417,1.506072874,0.331983806,0.068825911,0.24291498,0.629149798
247,0.995967742,1.5,0.334677419,0.068548387,0.245967742,0.629032258
248,0.995983936,1.506024096,0.333333333,0.068273092,0.24497992,0.629718876
249,0.996,1.5,0.332,0.068,0.244,0.628
250,0.996015936,1.505976096,0.334661355,0.067729084,0.243027888,0.629482072
251,0.996031746,1.5,0.333333333,0.067460317,0.242063492,0.627777778
252,0.996047431,1.505928854,0.33201581,0.067193676,0.241106719,0.628458498
253,0.996062992,1.5,0.334645669,0.066929134,0.24015748,0.627559055
254,0.996078431,1.505882353,0.333333333,0.066666667,0.239215686,0.628235294
255,0.99609375,1.5,0.33203125,0.0703125,0.23828125,0.62734375
256,0.996108949,1.505836576,0.33463035,0.070038911,0.237354086,0.628793774
257,0.996124031,1.5,0.333333333,0.069767442,0.236434109,0.627131783
258,0.996138996,1.505791506,0.332046332,0.069498069,0.235521236,0.627799228
259,0.996153846,1.5,0.334615385,0.069230769,0.234615385,0.626923077
260,0.996168582,1.505747126,0.333333333,0.068965517,0.233716475,0.627586207
261,0.996183206,1.5,0.332061069,0.06870229,0.232824427,0.625954198
262,0.996197719,1.505703422,0.33460076,0.068441065,0.231939163,0.627376426
263,0.996212121,1.5,0.333333333,0.068181818,0.231060606,0.625757576
264,0.996226415,1.505660377,0.332075472,0.067924528,0.230188679,0.626415094
265,0.996240602,1.5,0.334586466,0.067669173,0.229323308,0.62556391
266,0.996254682,1.505617978,0.333333333,0.06741573,0.228464419,0.626217228
267,0.996268657,1.5,0.332089552,0.067164179,0.22761194,0.624626866
268,0.996282528,1.505576208,0.334572491,0.066914498,0.226765799,0.626022305
269,0.996296296,1.5,0.333333333,0.066666667,0.225925926,0.624444444
270,0.996309963,1.505535055,0.332103321,0.066420664,0.225092251,0.625092251
271,0.996323529,1.5,0.334558824,0.066176471,0.224264706,0.624264706
272,0.996336996,1.505494505,0.333333333,0.065934066,0.223443223,0.624908425
273,0.996350365,1.5,0.332116788,0.065693431,0.222627737,0.623357664
274,0.996363636,1.505454545,0.334545455,0.065454545,0.221818182,0.624727273
275,0.996376812,1.5,0.333333333,0.065217391,0.221014493,0.623188406
276,0.996389892,1.505415162,0.332129964,0.064981949,0.220216606,0.623826715
277,0.996402878,1.5,0.334532374,0.064748201,0.21942446,0.623021583
278,0.996415771,1.505376344,0.333333333,0.064516129,0.218637993,0.623655914
279,0.996428571,1.5,0.332142857,0.064285714,0.217857143,0.622142857
280,0.996441281,1.505338078,0.334519573,0.06405694,0.220640569,0.624199288
281,0.996453901,1.5,0.333333333,0.063829787,0.219858156,0.622695035
282,0.996466431,1.505300353,0.332155477,0.06360424,0.219081272,0.623321555
283,0.996478873,1.5,0.334507042,0.063380282,0.218309859,0.622535211
284,0.996491228,1.505263158,0.333333333,0.063157895,0.21754386,0.623157895
285,0.996503497,1.5,0.332167832,0.062937063,0.216783217,0.621678322
286,0.996515679,1.505226481,0.334494774,0.06271777,0.216027875,0.622996516
287,0.996527778,1.5,0.333333333,0.0625,0.215277778,0.621527778
288,0.996539792,1.505190311,0.332179931,0.062283737,0.21799308,0.62283737
289,0.996551724,1.5,0.334482759,0.065517241,0.217241379,0.622758621
290,0.996563574,1.505154639,0.333333333,0.065292096,0.216494845,0.623367698
291,0.996575342,1.5,0.332191781,0.065068493,0.215753425,0.621917808
292,0.996587031,1.505119454,0.33447099,0.064846416,0.215017065,0.623208191
293,0.996598639,1.5,0.333333333,0.06462585,0.214285714,0.621768707
294,0.996610169,1.505084746,0.33220339,0.06440678,0.213559322,0.622372881
295,0.996621622,1.5,0.334459459,0.064189189,0.212837838,0.621621622
296,0.996632997,1.505050505,0.333333333,0.067340067,0.212121212,0.622895623
297,0.996644295,1.5,0.332214765,0.067114094,0.211409396,0.62147651
298,0.996655518,1.505016722,0.334448161,0.066889632,0.210702341,0.622742475
299,0.996666667,1.5,0.333333333,0.066666667,0.21,0.621333333
300,0.996677741,1.504983389,0.332225914,0.066445183,0.209302326,0.62192691
301,0.996688742,1.5,0.334437086,0.066225166,0.208609272,0.621192053
302,0.99669967,1.504950495,0.333333333,0.066006601,0.207920792,0.621782178
303,0.996710526,1.5,0.332236842,0.065789474,0.207236842,0.620394737
304,0.996721311,1.504918033,0.33442623,0.06557377,0.206557377,0.621639344
305,0.996732026,1.5,0.333333333,0.065359477,0.205882353,0.620261438
306,0.996742671,1.504885993,0.332247557,0.06514658,0.205211726,0.620846906
307,0.996753247,1.5,0.334415584,0.064935065,0.204545455,0.62012987
308,0.996763754,1.504854369,0.333333333,0.064724919,0.203883495,0.620711974
309,0.996774194,1.5,0.332258065,0.064516129,0.203225806,0.619354839
310,0.996784566,1.504823151,0.334405145,0.064308682,0.202572347,0.620578778
311,0.996794872,1.5,0.333333333,0.064102564,0.201923077,0.619230769
312,0.996805112,1.504792332,0.332268371,0.063897764,0.201277955,0.619808307
313,0.996815287,1.5,0.334394904,0.063694268,0.200636943,0.61910828
314,0.996825397,1.504761905,0.333333333,0.063492063,0.2,0.61968254
315,0.996835443,1.5,0.332278481,0.063291139,0.199367089,0.61835443
316,0.996845426,1.504731861,0.334384858,0.063091483,0.19873817,0.61955836
317,0.996855346,1.5,0.333333333,0.062893082,0.198113208,0.618238994
318,0.996865204,1.504702194,0.332288401,0.062695925,0.197492163,0.618808777
319,0.996875,1.5,0.334375,0.0625,0.196875,0.618125
320,0.996884735,1.504672897,0.333333333,0.062305296,0.196261682,0.618691589
321,0.99689441,1.5,0.332298137,0.062111801,0.195652174,0.617391304
322,0.996904025,1.504643963,0.334365325,0.061919505,0.19504644,0.618575851
323,0.99691358,1.5,0.333333333,0.061728395,0.194444444,0.617283951
324,0.996923077,1.504615385,0.332307692,0.061538462,0.193846154,0.617846154
325,0.996932515,1.5,0.334355828,0.061349693,0.193251534,0.617177914
326,0.996941896,1.504587156,0.333333333,0.06116208,0.19266055,0.617737003
327,0.99695122,1.5,0.332317073,0.06097561,0.192073171,0.616463415
328,0.996960486,1.504559271,0.334346505,0.063829787,0.191489362,0.618237082
329,0.996969697,1.5,0.333333333,0.066666667,0.193939394,0.618181818
330,0.996978852,1.504531722,0.332326284,0.066465257,0.193353474,0.618731118
331,0.996987952,1.5,0.334337349,0.06626506,0.192771084,0.618072289
332,0.996996997,1.504504505,0.333333333,0.066066066,0.192192192,0.618618619
333,0.997005988,1.5,0.332335329,0.065868263,0.191616766,0.617365269
334,0.997014925,1.504477612,0.334328358,0.065671642,0.191044776,0.618507463
335,0.99702381,1.5,0.333333333,0.06547619,0.19047619,0.617261905
336,0.997032641,1.504451039,0.332344214,0.065281899,0.189910979,0.617804154
337,0.99704142,1.5,0.334319527,0.065088757,0.189349112,0.617159763
338,0.997050147,1.504424779,0.333333333,0.064896755,0.18879056,0.617699115
339,0.997058824,1.5,0.332352941,0.064705882,0.188235294,0.616470588
340,0.997067449,1.504398827,0.33431085,0.064516129,0.187683284,0.617595308
341,0.997076023,1.5,0.333333333,0.064327485,0.187134503,0.616374269
342,0.997084548,1.504373178,0.332361516,0.064139942,0.186588921,0.616909621
343,0.997093023,1.5,0.334302326,0.063953488,0.186046512,0.61627907
344,0.997101449,1.504347826,0.333333333,0.063768116,0.185507246,0.616811594
345,0.997109827,1.5,0.332369942,0.063583815,0.184971098,0.615606936
346,0.997118156,1.504322767,0.334293948,0.063400576,0.18443804,0.616714697
347,0.997126437,1.5,0.333333333,0.063218391,0.186781609,0.616091954
348,0.99713467,1.504297994,0.332378223,0.063037249,0.186246418,0.616618911
349,0.997142857,1.5,0.334285714,0.062857143,0.185714286,0.616
350,0.997150997,1.504273504,0.333333333,0.062678063,0.185185185,0.616524217
351,0.997159091,1.5,0.332386364,0.0625,0.184659091,0.615340909
352,0.997167139,1.504249292,0.33427762,0.062322946,0.184135977,0.616430595
353,0.997175141,1.5,0.333333333,0.062146893,0.183615819,0.615254237
354,0.997183099,1.504225352,0.332394366,0.061971831,0.183098592,0.615774648
355,0.997191011,1.5,0.334269663,0.064606742,0.18258427,0.615730337
356,0.99719888,1.504201681,0.333333333,0.06442577,0.182072829,0.616246499
357,0.997206704,1.5,0.332402235,0.06424581,0.181564246,0.615083799
358,0.997214485,1.504178273,0.334261838,0.064066852,0.181058496,0.616155989
359,0.997222222,1.5,0.333333333,0.063888889,0.180555556,0.615
360,0.997229917,1.504155125,0.332409972,0.063711911,0.180055402,0.615512465
361,0.997237569,1.5,0.334254144,0.063535912,0.179558011,0.614917127
362,0.997245179,1.504132231,0.333333333,0.063360882,0.179063361,0.615426997
363,0.997252747,1.5,0.332417582,0.063186813,0.178571429,0.614285714
364,0.997260274,1.504109589,0.334246575,0.063013699,0.178082192,0.615342466
365,0.99726776,1.5,0.333333333,0.06284153,0.177595628,0.61420765
366,0.997275204,1.504087193,0.332425068,0.0626703,0.177111717,0.614713896
367,0.997282609,1.5,0.33423913,0.0625,0.176630435,0.614130435
368,0.997289973,1.504065041,0.333333333,0.06504065,0.176151762,0.615176152
369,0.997297297,1.5,0.332432432,0.064864865,0.175675676,0.614054054
370,0.997304582,1.504043127,0.334231806,0.064690027,0.175202156,0.61509434
371,0.997311828,1.5,0.333333333,0.064516129,0.174731183,0.613978495
372,0.997319035,1.504021448,0.332439678,0.064343164,0.174262735,0.614477212
373,0.997326203,1.5,0.334224599,0.064171123,0.173796791,0.613903743
374,0.997333333,1.504,0.333333333,0.064,0.173333333,0.6144
375,0.997340426,1.5,0.332446809,0.063829787,0.17287234,0.613297872
376,0.99734748,1.50397878,0.334217507,0.063660477,0.172413793,0.614323607
377,0.997354497,1.5,0.333333333,0.063492063,0.171957672,0.613227513
378,0.997361478,1.503957784,0.332453826,0.063324538,0.171503958,0.613720317
379,0.997368421,1.5,0.334210526,0.063157895,0.171052632,0.613157895
380,0.997375328,1.503937008,0.333333333,0.062992126,0.170603675,0.613648294
381,0.997382199,1.5,0.332460733,0.062827225,0.170157068,0.612565445
382,0.997389034,1.503916449,0.334203655,0.062663185,0.169712794,0.613577023
383,0.997395833,1.5,0.333333333,0.0625,0.169270833,0.6125
384,0.997402597,1.503896104,0.332467532,0.062337662,0.168831169,0.612987013
385,0.997409326,1.5,0.334196891,0.062176166,0.168393782,0.612435233
386,0.997416021,1.503875969,0.333333333,0.064599483,0.170542636,0.613953488
387,0.99742268,1.5,0.332474227,0.06443299,0.170103093,0.612886598
388,0.997429306,1.503856041,0.334190231,0.064267352,0.172236504,0.614395887
389,0.997435897,1.5,0.333333333,0.064102564,0.171794872,0.613333333
390,0.997442455,1.503836317,0.332480818,0.063938619,0.171355499,0.613810742
391,0.99744898,1.5,0.334183673,0.06377551,0.170918367,0.613265306
392,0.997455471,1.503816794,0.333333333,0.063613232,0.170483461,0.613740458
393,0.997461929,1.5,0.33248731,0.063451777,0.170050761,0.612690355
394,0.997468354,1.503797468,0.334177215,0.063291139,0.169620253,0.613670886
395,0.997474747,1.5,0.333333333,0.063131313,0.169191919,0.612626263
396,0.997481108,1.503778338,0.332493703,0.062972292,0.168765743,0.613098237
397,0.997487437,1.5,0.334170854,0.06281407,0.168341709,0.612562814
398,0.997493734,1.503759398,0.333333333,0.062656642,0.167919799,0.613032581
399,0.9975,1.5,0.3325,0.0625,0.1675,0.612
400,0.997506234,1.503740648,0.334164589,0.06234414,0.167082294,0.612967581
401,0.997512438,1.5,0.333333333,0.064676617,0.166666667,0.612437811
402,0.99751861,1.503722084,0.332506203,0.064516129,0.166253102,0.612903226
403,0.997524752,1.5,0.334158416,0.064356436,0.165841584,0.612376238
404,0.997530864,1.503703704,0.333333333,0.064197531,0.165432099,0.612839506
405,0.997536946,1.5,0.332512315,0.064039409,0.165024631,0.61182266
406,0.997542998,1.503685504,0.334152334,0.063882064,0.164619165,0.612776413
407,0.99754902,1.5,0.333333333,0.06372549,0.164215686,0.611764706
408,0.997555012,1.503667482,0.332518337,0.063569682,0.163814181,0.612224939
409,0.997560976,1.5,0.334146341,0.063414634,0.163414634,0.611707317
410,0.99756691,1.503649635,0.333333333,0.063260341,0.163017032,0.61216545
411,0.997572816,1.5,0.332524272,0.063106796,0.162621359,0.611165049
412,0.997578692,1.503631961,0.334140436,0.062953995,0.162227603,0.612106538
413,0.997584541,1.5,0.333333333,0.062801932,0.161835749,0.611111111
414,0.997590361,1.503614458,0.33253012,0.062650602,0.161445783,0.611566265
415,0.997596154,1.5,0.334134615,0.0625,0.161057692,0.611057692
416,0.997601918,1.503597122,0.333333333,0.06235012,0.160671463,0.611510791
417,0.997607656,1.5,0.332535885,0.062200957,0.160287081,0.610526316
418,0.997613365,1.503579952,0.334128878,0.062052506,0.159904535,0.611455847
419,0.997619048,1.5,0.333333333,0.061904762,0.15952381,0.61047619
420,0.997624703,1.503562945,0.332541568,0.06175772,0.159144893,0.610926366
421,0.997630332,1.5,0.334123223,0.061611374,0.158767773,0.61042654
422,0.997635934,1.503546099,0.333333333,0.061465721,0.158392435,0.610874704
423,0.997641509,1.5,0.33254717,0.061320755,0.158018868,0.60990566
424,0.997647059,1.503529412,0.334117647,0.061176471,0.157647059,0.610823529
425,0.997652582,1.5,0.333333333,0.061032864,0.157276995,0.609859155
426,0.99765808,1.503512881,0.332552693,0.06088993,0.156908665,0.61030445
427,0.997663551,1.5,0.33411215,0.060747664,0.156542056,0.609813084
428,0.997668998,1.503496503,0.333333333,0.060606061,0.156177156,0.61025641
429,0.997674419,1.5,0.33255814,0.060465116,0.155813953,0.609302326
430,0.997679814,1.503480278,0.334106729,0.060324826,0.155452436,0.610208817
431,0.997685185,1.5,0.333333333,0.060185185,0.155092593,0.609259259
432,0.997690531,1.503464203,0.33256351,0.060046189,0.154734411,0.609699769
433,0.997695853,1.5,0.334101382,0.059907834,0.15437788,0.60921659
434,0.997701149,1.503448276,0.333333333,0.059770115,0.154022989,0.609655172
435,0.997706422,1.5,0.332568807,0.059633028,0.153669725,0.608715596
436,0.99771167,1.503432494,0.33409611,0.059496568,0.155606407,0.61006865
437,0.997716895,1.5,0.333333333,0.059360731,0.155251142,0.60913242
438,0.997722096,1.503416856,0.332574032,0.059225513,0.154897494,0.609567198
439,0.997727273,1.5,0.334090909,0.059090909,0.154545455,0.609090909
440,0.997732426,1.503401361,0.333333333,0.058956916,0.154195011,0.60952381
441,0.997737557,1.5,0.332579186,0.058823529,0.153846154,0.608597285
442,0.997742664,1.503386005,0.334085779,0.058690745,0.153498871,0.609480813
443,0.997747748,1.5,0.333333333,0.058558559,0.153153153,0.608558559
444,0.997752809,1.503370787,0.33258427,0.058426966,0.152808989,0.608988764
445,0.997757848,1.5,0.334080717,0.058295964,0.152466368,0.608520179
446,0.997762864,1.503355705,0.333333333,0.058165548,0.15212528,0.608948546
447,0.997767857,1.5,0.332589286,0.058035714,0.151785714,0.608035714
448,0.997772829,1.503340757,0.334075724,0.057906459,0.151447661,0.608908686
449,0.997777778,1.5,0.333333333,0.057777778,0.151111111,0.608
450,0.997782705,1.503325942,0.332594235,0.057649667,0.150776053,0.608425721
451,0.997787611,1.5,0.334070796,0.057522124,0.150442478,0.607964602
452,0.997792494,1.503311258,0.333333333,0.057395143,0.150110375,0.608388521
453,0.997797357,1.5,0.332599119,0.057268722,0.149779736,0.607488987
454,0.997802198,1.503296703,0.334065934,0.057142857,0.149450549,0.608351648
455,0.997807018,1.5,0.333333333,0.057017544,0.149122807,0.60745614
456,0.997811816,1.503282276,0.332603939,0.056892779,0.148796499,0.607877462
457,0.997816594,1.5,0.334061135,0.056768559,0.148471616,0.607423581
458,0.997821351,1.503267974,0.333333333,0.05664488,0.148148148,0.607843137
459,0.997826087,1.5,0.332608696,0.056521739,0.147826087,0.606956522
460,0.997830803,1.503253796,0.334056399,0.056399132,0.147505423,0.607809111
461,0.997835498,1.5,0.333333333,0.056277056,0.147186147,0.606926407
462,0.997840173,1.503239741,0.332613391,0.056155508,0.146868251,0.607343413
463,0.997844828,1.5,0.334051724,0.056034483,0.146551724,0.606896552
464,0.997849462,1.503225806,0.333333333,0.055913978,0.146236559,0.607311828
465,0.997854077,1.5,0.332618026,0.055793991,0.145922747,0.606437768
466,0.997858672,1.503211991,0.334047109,0.055674518,0.145610278,0.607280514
467,0.997863248,1.5,0.333333333,0.055555556,0.145299145,0.606410256
468,0.997867804,1.503198294,0.332622601,0.0554371,0.144989339,0.606823028
469,0.99787234,1.5,0.334042553,0.055319149,0.144680851,0.606382979
470,0.997876858,1.503184713,0.333333333,0.055201699,0.144373673,0.606794055
471,0.997881356,1.5,0.332627119,0.055084746,0.144067797,0.605932203
472,0.997885835,1.503171247,0.334038055,0.054968288,0.145877378,0.607188161
473,0.997890295,1.5,0.333333333,0.054852321,0.14556962,0.606329114
474,0.997894737,1.503157895,0.332631579,0.054736842,0.145263158,0.606736842
475,0.99789916,1.5,0.334033613,0.054621849,0.144957983,0.606302521
476,0.997903564,1.503144654,0.333333333,0.054507338,0.144654088,0.606708595
477,0.99790795,1.5,0.332635983,0.054393305,0.144351464,0.605857741
478,0.997912317,1.503131524,0.334029228,0.054279749,0.144050104,0.606680585
479,0.997916667,1.5,0.333333333,0.054166667,0.145833333,0.60625
480,0.997920998,1.503118503,0.332640333,0.054054054,0.147609148,0.607068607
481,0.997925311,1.5,0.334024896,0.053941909,0.147302905,0.606639004
482,0.997929607,1.50310559,0.333333333,0.053830228,0.14699793,0.607039337
483,0.997933884,1.5,0.332644628,0.053719008,0.146694215,0.606198347
484,0.997938144,1.503092784,0.334020619,0.053608247,0.146391753,0.607010309
485,0.997942387,1.5,0.333333333,0.053497942,0.146090535,0.60617284
486,0.997946612,1.503080082,0.332648871,0.05338809,0.145790554,0.606570842
487,0.99795082,1.5,0.334016393,0.053278689,0.145491803,0.606147541
488,0.99795501,1.503067485,0.333333333,0.055214724,0.145194274,0.606952965
489,0.997959184,1.5,0.332653061,0.055102041,0.144897959,0.606122449
490,0.99796334,1.50305499,0.33401222,0.054989817,0.144602851,0.606924644
491,0.99796748,1.5,0.333333333,0.054878049,0.144308943,0.606097561
492,0.997971602,1.503042596,0.332657201,0.054766734,0.144016227,0.606490872
493,0.997975709,1.5,0.334008097,0.05465587,0.143724696,0.606072874
494,0.997979798,1.503030303,0.333333333,0.054545455,0.143434343,0.606464646
495,0.997983871,1.5,0.33266129,0.054435484,0.143145161,0.605645161
496,0.997987928,1.503018109,0.334004024,0.054325956,0.142857143,0.606438632
497,0.997991968,1.5,0.333333333,0.054216867,0.142570281,0.60562249
498,0.997995992,1.503006012,0.332665331,0.054108216,0.142284569,0.606012024
499,0.998,1.5,0.334,0.056,0.142,0.606
500,1.001996008,1.502994012,0.333333333,0.055888224,0.141716567,0.607185629
501,1.005976096,1.5,0.332669323,0.055776892,0.141434263,0.607171315
502,1.009940358,1.502982107,0.333996024,0.055666004,0.141153082,0.608747515
503,1.013888889,1.5,0.333333333,0.055555556,0.140873016,0.608730159
504,1.017821782,1.502970297,0.332673267,0.055445545,0.140594059,0.60990099
505,1.02173913,1.5,0.333992095,0.055335968,0.140316206,0.61027668
506,1.025641026,1.50295858,0.333333333,0.055226824,0.140039448,0.611439842
507,1.029527559,1.5,0.332677165,0.05511811,0.13976378,0.611417323
508,1.033398821,1.502946955,0.333988212,0.055009823,0.139489194,0.612966601
509,1.037254902,1.5,0.333333333,0.054901961,0.139215686,0.612941176
510,1.04109589,1.502935421,0.332681018,0.054794521,0.138943249,0.61409002
511,1.044921875,1.5,0.333984375,0.056640625,0.138671875,0.61484375
512,1.048732943,1.502923977,0.333333333,0.056530214,0.138401559,0.615984405
513,1.052529183,1.5,0.332684825,0.056420233,0.138132296,0.615953307
514,1.05631068,1.502912621,0.333980583,0.05631068,0.137864078,0.617475728
515,1.060077519,1.5,0.333333333,0.05620155,0.137596899,0.61744186
516,1.063829787,1.502901354,0.332688588,0.056092843,0.137330754,0.618568665
517,1.067567568,1.5,0.333976834,0.055984556,0.137065637,0.618918919
518,1.071290944,1.502890173,0.333333333,0.055876686,0.136801541,0.620038536
519,1.075,1.5,0.332692308,0.055769231,0.136538462,0.62
520,1.078694818,1.502879079,0.333973129,0.055662188,0.136276392,0.621497121
521,1.082375479,1.5,0.333333333,0.055555556,0.136015326,0.621455939
522,1.086042065,1.502868069,0.332695985,0.055449331,0.135755258,0.622562141
523,1.089694656,1.5,0.333969466,0.055343511,0.135496183,0.622900763
524,1.093333333,1.502857143,0.333333333,0.055238095,0.135238095,0.624
525,1.096958175,1.5,0.33269962,0.05513308,0.134980989,0.623954373
526,1.10056926,1.5028463,0.333965844,0.055028463,0.134724858,0.625426945
527,1.104166667,1.5,0.333333333,0.054924242,0.134469697,0.625378788
528,1.107750473,1.502835539,0.332703214,0.054820416,0.134215501,0.626465028
529,1.111320755,1.5,0.333962264,0.054716981,0.133962264,0.626792453
530,1.114877589,1.502824859,0.333333333,0.054613936,0.133709981,0.62787194
531,1.118421053,1.5,0.332706767,0.054511278,0.133458647,0.627819549
532,1.12195122,1.502814259,0.333958724,0.054409006,0.133208255,0.629268293
533,1.125468165,1.5,0.333333333,0.054307116,0.132958801,0.629213483
534,1.128971963,1.502803738,0.33271028,0.054205607,0.13271028,0.630280374
535,1.132462687,1.5,0.333955224,0.054104478,0.132462687,0.630597015
536,1.13594041,1.502793296,0.333333333,0.054003724,0.132216015,0.631657356
537,1.139405204,1.5,0.332713755,0.053903346,0.13197026,0.631598513
538,1.142857143,1.502782931,0.333951763,0.05380334,0.131725417,0.633024119
539,1.146296296,1.5,0.333333333,0.053703704,0.131481481,0.632962963
540,1.149722736,1.502772643,0.33271719,0.053604436,0.131238447,0.634011091
541,1.153136531,1.5,0.333948339,0.053505535,0.13099631,0.634317343
542,1.156537753,1.502762431,0.333333333,0.053406998,0.130755064,0.635359116
543,1.159926471,1.5,0.332720588,0.053308824,0.130514706,0.635294118
544,1.163302752,1.502752294,0.333944954,0.053211009,0.130275229,0.636697248
545,1.166666667,1.5,0.333333333,0.053113553,0.13003663,0.636630037
546,1.170018282,1.50274223,0.332723949,0.053016453,0.129798903,0.637659963
547,1.173357664,1.5,0.333941606,0.052919708,0.129562044,0.637956204
548,1.176684882,1.50273224,0.333333333,0.052823315,0.129326047,0.638979964
549,1.18,1.5,0.332727273,0.052727273,0.130909091,0.639272727
550,1.183303085,1.502722323,0.333938294,0.052631579,0.130671506,0.640653358
551,1.186594203,1.5,0.333333333,0.052536232,0.130434783,0.64057971
552,1.189873418,1.502712477,0.332730561,0.05244123,0.130198915,0.64159132
553,1.193140794,1.5,0.333935018,0.05234657,0.129963899,0.641877256
554,1.196396396,1.502702703,0.333333333,0.052252252,0.12972973,0.642882883
555,1.199640288,1.5,0.332733813,0.052158273,0.129496403,0.642805755
556,1.202872531,1.502692998,0.333931777,0.052064632,0.129263914,0.644165171
557,1.20609319,1.5,0.333333333,0.051971326,0.129032258,0.644086022
558,1.209302326,1.502683363,0.33273703,0.051878354,0.128801431,0.645080501
559,1.2125,1.5,0.333928571,0.051785714,0.128571429,0.645357143
560,1.215686275,1.502673797,0.333333333,0.051693405,0.128342246,0.646345811
561,1.21886121,1.5,0.332740214,0.051601423,0.128113879,0.646263345
562,1.222024867,1.502664298,0.3339254,0.051509769,0.127886323,0.647602131
563,1.225177305,1.5,0.333333333,0.05141844,0.127659574,0.64751773
564,1.228318584,1.502654867,0.332743363,0.051327434,0.127433628,0.648495575
565,1.231448763,1.5,0.333922261,0.051236749,0.127208481,0.648763251
566,1.234567901,1.502645503,0.333333333,0.051146384,0.126984127,0.64973545
567,1.237676056,1.5,0.332746479,0.051056338,0.126760563,0.649647887
568,1.240773286,1.502636204,0.333919156,0.050966608,0.126537786,0.650966608
569,1.243859649,1.5,0.333333333,0.050877193,0.126315789,0.650877193
570,1.246935201,1.50262697,0.332749562,0.050788091,0.126094571,0.651838879
571,1.25,1.5,0.333916084,0.050699301,0.125874126,0.652097902
572,1.253054101,1.502617801,0.333333333,0.05061082,0.12565445,0.653054101
573,1.256097561,1.5,0.332752613,0.050522648,0.12543554,0.652961672
574,1.259130435,1.502608696,0.333913043,0.052173913,0.125217391,0.654608696
575,1.262152778,1.5,0.333333333,0.053819444,0.125,0.654861111
576,1.265164645,1.502599653,0.332755633,0.05372617,0.124783362,0.655805893
577,1.26816609,1.5,0.333910035,0.053633218,0.124567474,0.656055363
578,1.271157168,1.502590674,0.333333333,0.053540587,0.124352332,0.656994819
579,1.274137931,1.5,0.332758621,0.053448276,0.124137931,0.656896552
580,1.277108434,1.502581756,0.333907057,0.053356282,0.123924269,0.658175559
581,1.280068729,1.5,0.333333333,0.053264605,0.12371134,0.658075601
582,1.283018868,1.502572899,0.332761578,0.053173242,0.123499142,0.659005146
583,1.285958904,1.5,0.33390411,0.053082192,0.123287671,0.659246575
584,1.288888889,1.502564103,0.333333333,0.052991453,0.123076923,0.66017094
585,1.291808874,1.5,0.332764505,0.052901024,0.122866894,0.660068259
586,1.29471891,1.502555366,0.333901193,0.052810903,0.122657581,0.66132879
587,1.297619048,1.5,0.333333333,0.052721088,0.12244898,0.66122449
588,1.300509338,1.502546689,0.332767402,0.052631579,0.122241087,0.662139219
589,1.303389831,1.5,0.333898305,0.052542373,0.122033898,0.662372881
590,1.306260575,1.502538071,0.333333333,0.052453469,0.121827411,0.663282572
591,1.309121622,1.5,0.33277027,0.052364865,0.121621622,0.663175676
592,1.311973019,1.502529511,0.333895447,0.05227656,0.121416526,0.664418212
593,1.314814815,1.5,0.333333333,0.052188552,0.121212121,0.664309764
594,1.317647059,1.502521008,0.332773109,0.05210084,0.121008403,0.665210084
595,1.320469799,1.5,0.333892617,0.052013423,0.120805369,0.665436242
596,1.323283082,1.502512563,0.333333333,0.051926298,0.120603015,0.666331658
597,1.326086957,1.5,0.33277592,0.051839465,0.120401338,0.666220736
598,1.328881469,1.502504174,0.333889816,0.051752922,0.120200334,0.667445743
599,1.331666667,1.5,0.333333333,0.051666667,0.12,0.667333333
600,1.334442596,1.50249584,0.332778702,0.053244592,0.119800333,0.668552413
601,1.337209302,1.5,0.333887043,0.053156146,0.119601329,0.668770764
602,1.339966833,1.502487562,0.333333333,0.053067993,0.119402985,0.669651741
603,1.342715232,1.5,0.332781457,0.052980132,0.119205298,0.669536424
604,1.345454545,1.502479339,0.333884298,0.052892562,0.119008264,0.670743802
605,1.348184818,1.5,0.333333333,0.052805281,0.118811881,0.670627063
606,1.350906096,1.50247117,0.332784185,0.052718287,0.118616145,0.671499176
607,1.353618421,1.5,0.333881579,0.052631579,0.118421053,0.671710526
608,1.356321839,1.502463054,0.333333333,0.052545156,0.118226601,0.672577997
609,1.359016393,1.5,0.332786885,0.054098361,0.118032787,0.672786885
610,1.361702128,1.502454992,0.333878887,0.05400982,0.117839607,0.673977087
611,1.364379085,1.5,0.333333333,0.053921569,0.117647059,0.673856209
612,1.367047308,1.502446982,0.33278956,0.053833605,0.117455139,0.674714519
613,1.36970684,1.5,0.333876221,0.053745928,0.117263844,0.674918567
614,1.372357724,1.502439024,0.333333333,0.053658537,0.117073171,0.675772358
615,1.375,1.5,0.332792208,0.053571429,0.116883117,0.675649351
616,1.377633712,1.502431118,0.333873582,0.053484603,0.116693679,0.676823339
617,1.3802589,1.5,0.333333333,0.053398058,0.116504854,0.676699029
618,1.382875606,1.502423263,0.33279483,0.053311793,0.11631664,0.677544426
619,1.385483871,1.5,0.333870968,0.053225806,0.116129032,0.677741935
620,1.388083736,1.502415459,0.333333333,0.053140097,0.115942029,0.678582931
621,1.390675241,1.5,0.332797428,0.053054662,0.115755627,0.678456592
622,1.393258427,1.502407705,0.333868379,0.052969502,0.115569823,0.679614767
623,1.395833333,1.5,0.333333333,0.052884615,0.115384615,0.679487179
624,1.3984,1.5024,0.3328,0.0528,0.1152,0.68032
625,1.400958466,1.5,0.333865815,0.052715655,0.115015974,0.680511182
626,1.403508772,1.502392344,0.333333333,0.052631579,0.114832536,0.681339713
627,1.406050955,1.5,0.332802548,0.052547771,0.114649682,0.681210191
628,1.408585056,1.502384738,0.333863275,0.052464229,0.114467409,0.682352941
629,1.411111111,1.5,0.333333333,0.052380952,0.114285714,0.682222222
630,1.41362916,1.502377179,0.332805071,0.05229794,0.114104596,0.683042789
631,1.416139241,1.5,0.333860759,0.05221519,0.113924051,0.683227848
632,1.41864139,1.502369668,0.333333333,0.052132701,0.113744076,0.684044234
633,1.421135647,1.5,0.332807571,0.052050473,0.113564669,0.683911672
634,1.423622047,1.502362205,0.333858268,0.051968504,0.113385827,0.68503937
635,1.426100629,1.5,0.333333333,0.051886792,0.113207547,0.68490566
636,1.428571429,1.502354788,0.332810047,0.051805338,0.113029827,0.685714286
637,1.431034483,1.5,0.333855799,0.051724138,0.112852665,0.685893417
638,1.433489828,1.502347418,0.333333333,0.051643192,0.112676056,0.686697966
639,1.4359375,1.5,0.3328125,0.0515625,0.1125,0.6865625
640,1.438377535,1.502340094,0.333853354,0.051482059,0.112324493,0.687675507
641,1.440809969,1.5,0.333333333,0.051401869,0.112149533,0.687538941
642,1.443234837,1.502332815,0.33281493,0.051321928,0.111975117,0.688335925
643,1.445652174,1.5,0.333850932,0.051242236,0.111801242,0.688509317
644,1.448062016,1.502325581,0.333333333,0.051162791,0.111627907,0.689302326
645,1.450464396,1.5,0.332817337,0.051083591,0.111455108,0.689164087
646,1.452859351,1.502318393,0.333848532,0.052550232,0.111282844,0.69057187
647,1.455246914,1.5,0.333333333,0.052469136,0.111111111,0.690432099
648,1.457627119,1.502311248,0.332819723,0.05238829,0.110939908,0.691217257
649,1.46,1.5,0.333846154,0.052307692,0.110769231,0.691384615
650,1.462365591,1.502304147,0.333333333,0.052227343,0.110599078,0.692165899
651,1.464723926,1.5,0.332822086,0.052147239,0.110429448,0.69202454
652,1.467075038,1.50229709,0.333843798,0.052067381,0.110260337,0.693108729
653,1.46941896,1.5,0.333333333,0.051987768,0.110091743,0.692966361
654,1.471755725,1.502290076,0.332824427,0.051908397,0.109923664,0.693740458
655,1.474085366,1.5,0.333841463,0.051829268,0.109756098,0.693902439
656,1.476407915,1.502283105,0.333333333,0.051750381,0.109589041,0.694672755
657,1.478723404,1.5,0.332826748,0.051671733,0.109422492,0.694528875
658,1.481031866,1.502276176,0.33383915,0.051593323,0.109256449,0.695599393
659,1.483333333,1.5,0.333333333,0.051515152,0.109090909,0.695454545
660,1.485627837,1.502269289,0.332829047,0.051437216,0.10892587,0.696217852
661,1.487915408,1.5,0.333836858,0.051359517,0.108761329,0.696374622
662,1.490196078,1.502262443,0.333333333,0.051282051,0.108597285,0.697134238
663,1.49246988,1.5,0.332831325,0.051204819,0.108433735,0.696987952
664,1.494736842,1.502255639,0.333834586,0.05112782,0.108270677,0.698045113
665,1.496996997,1.5,0.333333333,0.051051051,0.108108108,0.697897898
666,1.499250375,1.502248876,0.332833583,0.050974513,0.107946027,0.698650675
667,1.501497006,1.5,0.333832335,0.050898204,0.107784431,0.698802395
668,1.503736921,1.502242152,0.333333333,0.050822123,0.107623318,0.69955157
669,1.505970149,1.5,0.332835821,0.050746269,0.107462687,0.699402985
670,1.508196721,1.502235469,0.333830104,0.050670641,0.107302534,0.700447094
671,1.510416667,1.5,0.333333333,0.050595238,0.107142857,0.700297619
672,1.512630015,1.502228826,0.332838039,0.050520059,0.106983655,0.701040119
673,1.514836795,1.5,0.333827893,0.050445104,0.106824926,0.701186944
674,1.517037037,1.502222222,0.333333333,0.05037037,0.106666667,0.701925926
675,1.519230769,1.5,0.332840237,0.050295858,0.106508876,0.701775148
676,1.521418021,1.502215657,0.333825702,0.050221566,0.106351551,0.702806499
677,1.52359882,1.5,0.333333333,0.050147493,0.10619469,0.702654867
678,1.525773196,1.502209131,0.332842415,0.050073638,0.106038292,0.703387334
679,1.527941176,1.5,0.333823529,0.05,0.105882353,0.703529412
680,1.53010279,1.502202643,0.333333333,0.049926579,0.105726872,0.704258443
681,1.532258065,1.5,0.332844575,0.049853372,0.105571848,0.704105572
682,1.534407028,1.502196193,0.333821376,0.049780381,0.105417277,0.705124451
683,1.536549708,1.5,0.333333333,0.051169591,0.105263158,0.705263158
684,1.538686131,1.502189781,0.332846715,0.051094891,0.105109489,0.705985401
685,1.540816327,1.5,0.333819242,0.051020408,0.104956268,0.706122449
686,1.54294032,1.502183406,0.333333333,0.050946143,0.104803493,0.706841339
687,1.54505814,1.5,0.332848837,0.050872093,0.104651163,0.706686047
688,1.547169811,1.502177068,0.333817126,0.050798258,0.104499274,0.707692308
689,1.549275362,1.5,0.333333333,0.050724638,0.104347826,0.707536232
690,1.551374819,1.502170767,0.332850941,0.05065123,0.104196816,0.708248915
691,1.553468208,1.5,0.333815029,0.050578035,0.104046243,0.708381503
692,1.555555556,1.502164502,0.333333333,0.050505051,0.103896104,0.709090909
693,1.557636888,1.5,0.332853026,0.050432277,0.103746398,0.708933718
694,1.55971223,1.502158273,0.33381295,0.050359712,0.103597122,0.709928058
695,1.561781609,1.5,0.333333333,0.050287356,0.103448276,0.709770115
696,1.56384505,1.50215208,0.332855093,0.050215208,0.103299857,0.710473458
697,1.565902579,1.5,0.333810888,0.050143266,0.103151862,0.710601719
698,1.56795422,1.502145923,0.333333333,0.050071531,0.103004292,0.71130186
699,1.57,1.5,0.332857143,0.051428571,0.102857143,0.711428571
700,1.572039943,1.5021398,0.333808845,0.051355207,0.102710414,0.712410842
701,1.574074074,1.5,0.333333333,0.051282051,0.102564103,0.712250712
702,1.576102418,1.502133713,0.332859175,0.051209104,0.102418208,0.712944523
703,1.578125,1.5,0.333806818,0.051136364,0.102272727,0.713068182
704,1.580141844,1.50212766,0.333333333,0.05106383,0.10212766,0.713758865
705,1.582152975,1.5,0.33286119,0.050991501,0.101983003,0.713597734
706,1.584158416,1.502121641,0.333804809,0.050919378,0.101838755,0.7145686
707,1.586158192,1.5,0.333333333,0.052259887,0.101694915,0.714689266
708,1.588152327,1.502115656,0.332863188,0.052186178,0.101551481,0.715373766
709,1.590140845,1.5,0.333802817,0.052112676,0.101408451,0.715492958
710,1.592123769,1.502109705,0.333333333,0.052039381,0.101265823,0.716174402
711,1.594101124,1.5,0.332865169,0.051966292,0.101123596,0.716011236
712,1.596072931,1.502103787,0.333800842,0.051893408,0.100981767,0.716970547
713,1.598039216,1.5,0.333333333,0.051820728,0.100840336,0.716806723
714,1.6,1.502097902,0.332867133,0.051748252,0.100699301,0.717482517
715,1.601955307,1.5,0.333798883,0.051675978,0.100558659,0.717597765
716,1.60390516,1.50209205,0.333333333,0.051603905,0.10041841,0.718270572
717,1.605849582,1.5,0.332869081,0.051532033,0.100278552,0.71810585
718,1.607788595,1.502086231,0.33379694,0.051460362,0.100139082,0.719054242
719,1.609722222,1.5,0.333333333,0.051388889,0.1,0.718888889
720,1.611650485,1.502080444,0.332871012,0.051317614,0.099861304,0.719556172
721,1.613573407,1.5,0.333795014,0.051246537,0.099722992,0.71966759
722,1.61549101,1.502074689,0.333333333,0.051175657,0.099585062,0.72033195
723,1.617403315,1.5,0.332872928,0.051104972,0.099447514,0.720165746
724,1.619310345,1.502068966,0.333793103,0.051034483,0.099310345,0.721103448
725,1.621212121,1.5,0.333333333,0.050964187,0.099173554,0.720936639
726,1.623108666,1.502063274,0.332874828,0.050894085,0.099037139,0.721595598
727,1.625,1.5,0.333791209,0.050824176,0.098901099,0.721703297
728,1.626886145,1.502057613,0.333333333,0.050754458,0.098765432,0.722359396
729,1.628767123,1.5,0.332876712,0.050684932,0.098630137,0.722191781
730,1.630642955,1.502051984,0.33378933,0.050615595,0.098495212,0.723119015
731,1.632513661,1.5,0.333333333,0.050546448,0.098360656,0.72295082
732,1.634379263,1.502046385,0.332878581,0.05047749,0.098226467,0.723601637
733,1.636239782,1.5,0.333787466,0.050408719,0.098092643,0.723705722
734,1.638095238,1.502040816,0.333333333,0.050340136,0.097959184,0.724353741
735,1.639945652,1.5,0.332880435,0.050271739,0.097826087,0.724184783
736,1.641791045,1.502035278,0.333785617,0.050203528,0.097693351,0.725101764
737,1.643631436,1.5,0.333333333,0.050135501,0.097560976,0.724932249
738,1.645466847,1.50202977,0.332882273,0.050067659,0.097428958,0.725575101
739,1.647297297,1.5,0.333783784,0.05,0.097297297,0.725675676
740,1.649122807,1.502024291,0.333333333,0.049932524,0.097165992,0.726315789
741,1.650943396,1.5,0.332884097,0.049865229,0.09703504,0.726145553
742,1.652759085,1.502018843,0.333781965,0.049798116,0.096904441,0.72705249
743,1.654569892,1.5,0.333333333,0.049731183,0.096774194,0.72688172
744,1.656375839,1.502013423,0.332885906,0.04966443,0.096644295,0.727516779
745,1.658176944,1.5,0.333780161,0.049597855,0.096514745,0.727613941
746,1.659973226,1.502008032,0.333333333,0.049531459,0.096385542,0.728246319
747,1.661764706,1.5,0.332887701,0.050802139,0.096256684,0.728342246
748,1.663551402,1.50200267,0.333778371,0.050734312,0.096128171,0.729238985
749,1.665333333,1.5,0.333333333,0.050666667,0.096,0.729066667
750,1.667110519,1.501997337,0.332889481,0.050599201,0.09587217,0.729693742
751,1.668882979,1.5,0.333776596,0.050531915,0.095744681,0.729787234
752,1.67065073,1.501992032,0.333333333,0.050464807,0.096945551,0.730677291
753,1.672413793,1.5,0.332891247,0.050397878,0.096816976,0.730503979
754,1.674172185,1.501986755,0.333774834,0.050331126,0.096688742,0.731390728
755,1.675925926,1.5,0.333333333,0.05026455,0.096560847,0.731216931
756,1.677675033,1.501981506,0.332892999,0.050198151,0.096433289,0.731836196
757,1.679419525,1.5,0.333773087,0.050131926,0.096306069,0.731926121
758,1.68115942,1.501976285,0.333333333,0.050065876,0.096179183,0.732542819
759,1.682894737,1.5,0.332894737,0.05,0.096052632,0.732368421
760,1.684625493,1.501971091,0.333771353,0.049934297,0.095926413,0.733245729
761,1.686351706,1.5,0.333333333,0.049868766,0.095800525,0.733070866
762,1.688073394,1.501965924,0.332896461,0.049803408,0.095674967,0.733682831
763,1.689790576,1.5,0.333769634,0.04973822,0.095549738,0.733769634
764,1.691503268,1.501960784,0.333333333,0.049673203,0.095424837,0.734379085
765,1.693211488,1.5,0.332898172,0.049608355,0.095300261,0.734203655
766,1.694915254,1.501955671,0.333767927,0.049543677,0.09517601,0.735071708
767,1.696614583,1.5,0.333333333,0.049479167,0.095052083,0.734895833
768,1.698309493,1.501950585,0.33289987,0.049414824,0.094928479,0.73550065
769,1.7,1.5,0.333766234,0.049350649,0.094805195,0.735584416
770,1.701686122,1.501945525,0.333333333,0.049286641,0.094682231,0.73618677
771,1.703367876,1.5,0.332901554,0.049222798,0.094559585,0.736010363
772,1.705045278,1.501940492,0.333764554,0.04915912,0.094437257,0.73686934
773,1.706718346,1.5,0.333333333,0.049095607,0.094315245,0.736692506
774,1.708387097,1.501935484,0.332903226,0.049032258,0.094193548,0.737290323
775,1.710051546,1.5,0.333762887,0.048969072,0.094072165,0.737371134
776,1.711711712,1.501930502,0.333333333,0.048906049,0.093951094,0.737966538
777,1.713367609,1.5,0.332904884,0.048843188,0.093830334,0.737789203
778,1.715019255,1.501925546,0.333761232,0.048780488,0.093709884,0.738639281
779,1.716666667,1.5,0.333333333,0.048717949,0.093589744,0.738461538
780,1.718309859,1.501920615,0.33290653,0.04865557,0.09346991,0.739052497
781,1.719948849,1.5,0.333759591,0.04859335,0.093350384,0.739130435
782,1.721583653,1.501915709,0.333333333,0.04853129,0.093231162,0.739719029
783,1.723214286,1.5,0.332908163,0.048469388,0.093112245,0.739540816
784,1.724840764,1.501910828,0.333757962,0.048407643,0.092993631,0.740382166
785,1.726463104,1.5,0.333333333,0.048346056,0.092875318,0.740203562
786,1.728081321,1.501905972,0.332909784,0.048284625,0.092757306,0.740787802
787,1.729695431,1.5,0.333756345,0.04822335,0.092639594,0.740862944
788,1.73130545,1.501901141,0.333333333,0.048162231,0.09252218,0.741444867
789,1.732911392,1.5,0.332911392,0.048101266,0.092405063,0.741265823
790,1.734513274,1.501896334,0.333754741,0.048040455,0.092288243,0.742098609
791,1.736111111,1.5,0.333333333,0.047979798,0.092171717,0.741919192
792,1.737704918,1.501891551,0.332912989,0.047919294,0.092055485,0.742496847
793,1.73929471,1.5,0.333753149,0.047858942,0.091939547,0.74256927
794,1.740880503,1.501886792,0.333333333,0.047798742,0.091823899,0.743144654
795,1.742462312,1.5,0.332914573,0.047738693,0.091708543,0.742964824
796,1.744040151,1.501882058,0.333751568,0.047678795,0.091593476,0.74378921
797,1.745614035,1.5,0.333333333,0.047619048,0.091478697,0.743609023
798,1.74718398,1.501877347,0.332916145,0.047559449,0.091364205,0.744180225
799,1.74875,1.5,0.33375,0.0475,0.09125,0.74425
800,1.75031211,1.501872659,0.333333333,0.048689139,0.092384519,0.745318352
801,1.751870324,1.5,0.332917706,0.048628429,0.092269327,0.745137157
802,1.753424658,1.501867995,0.333748443,0.04856787,0.092154421,0.745952677
803,1.754975124,1.5,0.333333333,0.048507463,0.092039801,0.745771144
804,1.756521739,1.501863354,0.332919255,0.048447205,0.091925466,0.746335404
805,1.758064516,1.5,0.333746898,0.048387097,0.091811414,0.746401985
806,1.75960347,1.501858736,0.333333333,0.048327138,0.091697646,0.746964064
807,1.761138614,1.5,0.332920792,0.048267327,0.091584158,0.746782178
808,1.762669963,1.501854141,0.333745365,0.048207664,0.091470952,0.747589617
809,1.764197531,1.5,0.333333333,0.048148148,0.091358025,0.747407407
810,1.765721332,1.501849568,0.332922318,0.049321825,0.091245376,0.748212084
811,1.767241379,1.5,0.333743842,0.049261084,0.091133005,0.748275862
812,1.768757688,1.501845018,0.333333333,0.049200492,0.09102091,0.748831488
813,1.77027027,1.5,0.332923833,0.049140049,0.090909091,0.748648649
814,1.771779141,1.501840491,0.333742331,0.049079755,0.090797546,0.749447853
815,1.773284314,1.5,0.333333333,0.049019608,0.090686275,0.749264706
816,1.774785802,1.501835985,0.332925337,0.048959608,0.090575275,0.749816401
817,1.776283619,1.5,0.333740831,0.048899756,0.090464548,0.749877751
818,1.777777778,1.501831502,0.333333333,0.048840049,0.09035409,0.75042735
819,1.779268293,1.5,0.332926829,0.048780488,0.090243902,0.750243902
820,1.780755177,1.50182704,0.333739342,0.048721072,0.090133983,0.751035323
821,1.782238443,1.5,0.333333333,0.0486618,0.090024331,0.750851582
822,1.783718104,1.5018226,0.332928311,0.048602673,0.089914945,0.751397327
823,1.785194175,1.5,0.333737864,0.048543689,0.089805825,0.751456311
824,1.786666667,1.501818182,0.333333333,0.048484848,0.08969697,0.752
825,1.788135593,1.5,0.332929782,0.04842615,0.089588378,0.751815981
826,1.789600967,1.501813785,0.333736397,0.048367594,0.089480048,0.752599758
827,1.791062802,1.5,0.333333333,0.048309179,0.089371981,0.752415459
828,1.79252111,1.501809409,0.332931242,0.048250905,0.089264174,0.752955368
829,1.793975904,1.5,0.33373494,0.048192771,0.090361446,0.753253012
830,1.795427196,1.501805054,0.333333333,0.048134777,0.090252708,0.753790614
831,1.796875,1.5,0.332932692,0.048076923,0.090144231,0.753605769
832,1.798319328,1.50180072,0.333733493,0.048019208,0.090036014,0.754381753
833,1.799760192,1.5,0.333333333,0.047961631,0.089928058,0.754196643
834,1.801197605,1.501796407,0.332934132,0.047904192,0.089820359,0.754730539
835,1.802631579,1.5,0.333732057,0.04784689,0.089712919,0.754784689
836,1.804062127,1.501792115,0.333333333,0.047789725,0.089605735,0.755316607
837,1.80548926,1.5,0.332935561,0.047732697,0.089498807,0.755131265
838,1.806912992,1.501787843,0.333730632,0.047675805,0.089392133,0.755899881
839,1.808333333,1.5,0.333333333,0.048809524,0.089285714,0.755952381
840,1.809750297,1.501783591,0.33293698,0.048751486,0.089179548,0.75648038
841,1.811163895,1.5,0.333729216,0.048693587,0.089073634,0.756532067
842,1.81257414,1.501779359,0.333333333,0.048635824,0.088967972,0.757058126
843,1.813981043,1.5,0.332938389,0.048578199,0.088862559,0.756872038
844,1.815384615,1.501775148,0.333727811,0.04852071,0.088757396,0.757633136
845,1.81678487,1.5,0.333333333,0.048463357,0.088652482,0.757446809
846,1.818181818,1.501770956,0.332939787,0.048406139,0.088547816,0.757969303
847,1.819575472,1.5,0.333726415,0.048349057,0.088443396,0.758018868
848,1.820965842,1.501766784,0.333333333,0.048292108,0.088339223,0.758539458
849,1.822352941,1.5,0.332941176,0.048235294,0.088235294,0.758352941
850,1.82373678,1.501762632,0.333725029,0.048178613,0.08813161,0.759106933
851,1.825117371,1.5,0.333333333,0.048122066,0.088028169,0.758920188
852,1.826494725,1.501758499,0.332942556,0.048065651,0.087924971,0.75943728
853,1.827868852,1.5,0.333723653,0.048009368,0.087822014,0.759484778
854,1.829239766,1.501754386,0.333333333,0.047953216,0.087719298,0.76
855,1.830607477,1.5,0.332943925,0.047897196,0.087616822,0.759813084
856,1.831971995,1.501750292,0.333722287,0.047841307,0.087514586,0.760560093
857,1.833333333,1.5,0.333333333,0.047785548,0.087412587,0.76037296
858,1.834691502,1.501746217,0.332945285,0.047729919,0.087310827,0.76088475
859,1.836046512,1.5,0.33372093,0.047674419,0.087209302,0.760930233
860,1.837398374,1.50174216,0.333333333,0.047619048,0.087108014,0.761440186
861,1.8387471,1.5,0.332946636,0.047563805,0.087006961,0.7612529
862,1.8400927,1.501738123,0.333719583,0.047508691,0.086906141,0.761993048
863,1.841435185,1.5,0.333333333,0.047453704,0.086805556,0.761805556
864,1.842774566,1.501734104,0.332947977,0.047398844,0.086705202,0.762312139
865,1.844110855,1.5,0.333718245,0.047344111,0.086605081,0.762355658
866,1.84544406,1.501730104,0.333333333,0.047289504,0.08650519,0.762860438
867,1.846774194,1.5,0.332949309,0.047235023,0.08640553,0.762672811
868,1.848101266,1.501726122,0.333716916,0.047180667,0.086306099,0.763406214
869,1.849425287,1.5,0.333333333,0.047126437,0.086206897,0.763218391
870,1.850746269,1.501722158,0.332950631,0.047072331,0.086107922,0.763719862
871,1.85206422,1.5,0.333715596,0.047018349,0.086009174,0.763761468
872,1.853379152,1.501718213,0.333333333,0.04696449,0.085910653,0.764261168
873,1.854691076,1.5,0.332951945,0.046910755,0.085812357,0.764073227
874,1.856,1.501714286,0.333714286,0.046857143,0.085714286,0.7648
875,1.857305936,1.5,0.333333333,0.046803653,0.085616438,0.764611872
876,1.858608894,1.501710376,0.33295325,0.046750285,0.085518814,0.765108324
877,1.859908884,1.5,0.333712984,0.046697039,0.085421412,0.765148064
878,1.861205916,1.501706485,0.333333333,0.046643914,0.085324232,0.765642776
879,1.8625,1.5,0.332954545,0.046590909,0.085227273,0.765454545
880,1.863791146,1.501702611,0.333711691,0.046538025,0.085130533,0.766174801
881,1.865079365,1.5,0.333333333,0.046485261,0.085034014,0.765986395
882,1.866364666,1.501698754,0.332955832,0.046432616,0.084937712,0.766477916
883,1.867647059,1.5,0.333710407,0.04638009,0.084841629,0.766515837
884,1.868926554,1.501694915,0.333333333,0.046327684,0.084745763,0.76700565
885,1.87020316,1.5,0.332957111,0.046275395,0.084650113,0.766817156
886,1.871476888,1.501691094,0.333709132,0.046223224,0.084554679,0.767531003
887,1.872747748,1.5,0.333333333,0.046171171,0.084459459,0.767342342
888,1.874015748,1.501687289,0.33295838,0.046119235,0.084364454,0.767829021
889,1.875280899,1.5,0.333707865,0.046067416,0.084269663,0.767865169
890,1.87654321,1.501683502,0.333333333,0.046015713,0.084175084,0.768350168
891,1.877802691,1.5,0.332959641,0.047085202,0.084080717,0.76838565
892,1.879059351,1.501679731,0.333706607,0.047032475,0.083986562,0.769092945
893,1.880313199,1.5,0.333333333,0.046979866,0.083892617,0.768903803
894,1.881564246,1.501675978,0.332960894,0.046927374,0.083798883,0.769385475
895,1.8828125,1.5,0.333705357,0.046875,0.083705357,0.769419643
896,1.884057971,1.501672241,0.333333333,0.046822742,0.08361204,0.769899666
897,1.885300668,1.5,0.332962138,0.046770601,0.083518931,0.769710468
898,1.886540601,1.501668521,0.333704116,0.046718576,0.083426029,0.770411568
899,1.887777778,1.5,0.333333333,0.046666667,0.083333333,0.770222222
900,1.889012209,1.501664817,0.332963374,0.046614872,0.083240844,0.770699223
901,1.890243902,1.5,0.333702882,0.046563193,0.083148559,0.770731707
902,1.891472868,1.50166113,0.333333333,0.046511628,0.083056478,0.771207087
903,1.892699115,1.5,0.332964602,0.046460177,0.082964602,0.771017699
904,1.893922652,1.501657459,0.333701657,0.04640884,0.082872928,0.771712707
905,1.895143488,1.5,0.333333333,0.046357616,0.082781457,0.771523179
906,1.896361632,1.501653804,0.332965821,0.046306505,0.082690187,0.77199559
907,1.897577093,1.5,0.333700441,0.046255507,0.082599119,0.772026432
908,1.898789879,1.501650165,0.333333333,0.04620462,0.082508251,0.77249725
909,1.9,1.5,0.332967033,0.046153846,0.082417582,0.772307692
910,1.901207464,1.501646542,0.333699232,0.046103183,0.082327113,0.772996707
911,1.902412281,1.5,0.333333333,0.046052632,0.082236842,0.772807018
912,1.903614458,1.501642935,0.332968237,0.046002191,0.082146769,0.773274918
913,1.904814004,1.5,0.333698031,0.047045952,0.082056893,0.773522976
914,1.906010929,1.501639344,0.333333333,0.046994536,0.081967213,0.773989071
915,1.90720524,1.5,0.332969432,0.046943231,0.081877729,0.773799127
916,1.908396947,1.501635769,0.333696838,0.046892039,0.081788441,0.774482007
917,1.909586057,1.5,0.333333333,0.047930283,0.081699346,0.774509804
918,1.910772579,1.501632209,0.33297062,0.047878128,0.081610446,0.774972797
919,1.911956522,1.5,0.333695652,0.047826087,0.081521739,0.775
920,1.913137894,1.501628664,0.333333333,0.047774159,0.081433225,0.775461455
921,1.914316703,1.5,0.3329718,0.047722343,0.081344902,0.77527115
922,1.915492958,1.501625135,0.333694475,0.047670639,0.081256771,0.775947996
923,1.916666667,1.5,0.333333333,0.047619048,0.081168831,0.775757576
924,1.917837838,1.501621622,0.332972973,0.047567568,0.081081081,0.776216216
925,1.919006479,1.5,0.333693305,0.047516199,0.080993521,0.776241901
926,1.9201726,1.501618123,0.333333333,0.047464941,0.080906149,0.776699029
927,1.921336207,1.5,0.332974138,0.047413793,0.080818966,0.776508621
928,1.922497309,1.501614639,0.333692142,0.047362756,0.08073197,0.777179763
929,1.923655914,1.5,0.333333333,0.047311828,0.080645161,0.776989247
930,1.92481203,1.501611171,0.332975295,0.04726101,0.080558539,0.777443609
931,1.925965665,1.5,0.333690987,0.0472103,0.080472103,0.777467811
932,1.927116827,1.501607717,0.333333333,0.0471597,0.080385852,0.777920686
933,1.928265525,1.5,0.332976445,0.047109208,0.080299786,0.777730193
934,1.929411765,1.501604278,0.33368984,0.047058824,0.080213904,0.778395722
935,1.930555556,1.5,0.333333333,0.047008547,0.080128205,0.778205128
936,1.931696905,1.501600854,0.332977588,0.046958378,0.080042689,0.778655283
937,1.932835821,1.5,0.333688699,0.046908316,0.079957356,0.778678038
938,1.933972311,1.501597444,0.333333333,0.04685836,0.079872204,0.779126731
939,1.935106383,1.5,0.332978723,0.04787234,0.079787234,0.779148936
940,1.936238045,1.501594049,0.333687566,0.047821467,0.079702444,0.779808714
941,1.937367304,1.5,0.333333333,0.047770701,0.079617834,0.779617834
942,1.938494168,1.501590668,0.332979852,0.047720042,0.079533404,0.780063627
943,1.939618644,1.5,0.333686441,0.047669492,0.079449153,0.780084746
944,1.940740741,1.501587302,0.333333333,0.047619048,0.079365079,0.780529101
945,1.941860465,1.5,0.332980973,0.04756871,0.079281184,0.780338266
946,1.942977825,1.501583949,0.333685322,0.047518479,0.079197466,0.780992608
947,1.944092827,1.5,0.333333333,0.047468354,0.079113924,0.780801688
948,1.945205479,1.501580611,0.332982086,0.048472076,0.079030558,0.781454162
949,1.946315789,1.5,0.333684211,0.048421053,0.078947368,0.781473684
950,1.947423764,1.501577287,0.333333333,0.048370137,0.078864353,0.781913775
951,1.948529412,1.5,0.332983193,0.048319328,0.078781513,0.781722689
952,1.949632739,1.501573977,0.333683106,0.048268625,0.078698846,0.782371459
953,1.950733753,1.5,0.333333333,0.048218029,0.078616352,0.782180294
954,1.951832461,1.501570681,0.332984293,0.048167539,0.078534031,0.782617801
955,1.95292887,1.5,0.333682008,0.048117155,0.078451883,0.782635983
956,1.954022989,1.501567398,0.333333333,0.048066876,0.078369906,0.7830721
957,1.955114823,1.5,0.332985386,0.048016701,0.0782881,0.782881002
958,1.95620438,1.501564129,0.333680918,0.047966632,0.078206465,0.783524505
959,1.957291667,1.5,0.333333333,0.047916667,0.078125,0.783333333
960,1.958376691,1.501560874,0.332986472,0.047866805,0.078043704,0.783766909
961,1.959459459,1.5,0.333679834,0.047817048,0.077962578,0.783783784
962,1.960539979,1.501557632,0.333333333,0.047767394,0.07788162,0.784215992
963,1.961618257,1.5,0.332987552,0.047717842,0.07780083,0.784024896
964,1.962694301,1.501554404,0.333678756,0.047668394,0.077720207,0.784663212
965,1.963768116,1.5,0.333333333,0.047619048,0.077639752,0.78447205
966,1.96483971,1.501551189,0.332988625,0.047569804,0.077559462,0.784901758
967,1.965909091,1.5,0.333677686,0.047520661,0.077479339,0.784917355
968,1.966976264,1.501547988,0.333333333,0.04747162,0.077399381,0.785345717
969,1.968041237,1.5,0.332989691,0.04742268,0.077319588,0.785154639
970,1.969104016,1.501544799,0.333676622,0.047373841,0.077239959,0.785787848
971,1.970164609,1.5,0.333333333,0.047325103,0.077160494,0.785596708
972,1.971223022,1.501541624,0.33299075,0.047276465,0.077081192,0.78602261
973,1.972279261,1.5,0.333675565,0.047227926,0.077002053,0.786036961
974,1.973333333,1.501538462,0.333333333,0.048205128,0.076923077,0.786666667
975,1.974385246,1.5,0.332991803,0.048155738,0.076844262,0.78647541
976,1.975435005,1.501535312,0.333674514,0.048106448,0.076765609,0.787103378
977,1.976482618,1.5,0.333333333,0.04805726,0.076687117,0.786912065
978,1.97752809,1.501532176,0.33299285,0.049029622,0.076608784,0.787538304
979,1.978571429,1.5,0.333673469,0.048979592,0.076530612,0.78755102
980,1.97961264,1.501529052,0.333333333,0.048929664,0.076452599,0.787971458
981,1.980651731,1.5,0.33299389,0.048879837,0.076374745,0.787780041
982,1.981688708,1.501525941,0.333672431,0.048830112,0.07629705,0.788402848
983,1.982723577,1.5,0.333333333,0.048780488,0.076219512,0.788211382
984,1.983756345,1.501522843,0.332994924,0.048730964,0.076142132,0.788629442
985,1.984787018,1.5,0.3336714,0.048681542,0.076064909,0.788640974
986,1.985815603,1.501519757,0.333333333,0.048632219,0.075987842,0.789057751
987,1.986842105,1.5,0.332995951,0.048582996,0.075910931,0.788866397
988,1.987866532,1.501516684,0.333670374,0.048533873,0.075834176,0.789484328
989,1.988888889,1.5,0.333333333,0.048484848,0.075757576,0.789292929
990,1.989909183,1.501513623,0.332996973,0.048435923,0.07568113,0.789707366
991,1.990927419,1.5,0.333669355,0.049395161,0.075604839,0.789919355
992,1.991943605,1.501510574,0.333333333,0.049345418,0.075528701,0.790332326
993,1.992957746,1.5,0.332997988,0.049295775,0.075452716,0.790140845
994,1.993969849,1.501507538,0.333668342,0.049246231,0.075376884,0.790753769
995,1.99497992,1.5,0.333333333,0.049196787,0.075301205,0.790562249
996,1.995987964,1.501504514,0.332998997,0.049147442,0.075225677,0.790972919
997,1.996993988,1.495991984,0.333667335,0.049098196,0.075150301,0.790180361
998,1.997997998,1.497489473,0.333333333,0.05005005,0.075075075,0.790789186
999,1.999,1.492,0.333,0.05,0.075,0.7898
Grand Total,1.299867099,1.504117569,0.345458719,0.066600859,0.191538902,0.681516629
