"","regret","regret","regret","regret","regret"
"name","Deterministic","DeterministicAlternating","EpsilonFirst","EpsilonGreedy","Exp3"
"trial","","","","",""
"0","1.0","1.0","0.0","1.0","0.0"
"1","1.0","0.0","1.0","1.0","1.0"
"2","0.6666666666666666","0.0","0.6666666666666666","0.6666666666666666","0.6666666666666666"
"3","0.5","0.0","1.0","0.5","1.0"
"4","0.4","0.0","0.8","0.4","1.2"
"5","0.3333333333333333","0.0","0.6666666666666666","0.3333333333333333","1.0"
"6","0.2857142857142857","0.0","0.5714285714285714","0.2857142857142857","0.8571428571428571"
"7","0.25","0.0","0.75","0.25","0.75"
"8","0.2222222222222222","0.0","0.8888888888888888","0.2222222222222222","0.6666666666666666"
"9","0.2","0.0","0.8","0.4","0.8"
"10","0.18181818181818182","0.0","0.7272727272727273","0.36363636363636365","0.9090909090909091"
"11","0.16666666666666666","0.0","0.8333333333333334","0.3333333333333333","0.8333333333333334"
"12","0.15384615384615385","0.0","0.7692307692307693","0.3076923076923077","0.9230769230769231"
"13","0.14285714285714285","0.0","0.8571428571428571","0.2857142857142857","1.0"
"14","0.13333333333333333","0.0","0.8","0.26666666666666666","0.9333333333333333"
"15","0.125","0.0","0.75","0.25","1.0"
"16","0.11764705882352941","0.0","0.8235294117647058","0.35294117647058826","1.0588235294117647"
"17","0.1111111111111111","0.0","0.8888888888888888","0.3333333333333333","1.0"
"18","0.10526315789473684","0.0","0.9473684210526315","0.3157894736842105","0.9473684210526315"
"19","0.1","0.0","0.9","0.3","1.0"
"20","0.09523809523809523","0.0","0.8571428571428571","0.2857142857142857","0.9523809523809523"
"21","0.09090909090909091","0.0","0.9090909090909091","0.2727272727272727","1.0"
"22","0.08695652173913043","0.0","0.8695652173913043","0.2608695652173913","0.9565217391304348"
"23","0.08333333333333333","0.0","0.9166666666666666","0.25","1.0"
"24","0.08","0.0","0.88","0.24","0.96"
"25","0.07692307692307693","0.0","0.8461538461538461","0.23076923076923078","1.0"
"26","0.07407407407407407","0.0","0.8888888888888888","0.2222222222222222","0.9629629629629629"
"27","0.07142857142857142","0.0","0.9285714285714286","0.21428571428571427","0.9285714285714286"
"28","0.06896551724137931","0.0","0.9655172413793104","0.20689655172413793","0.9655172413793104"
"29","0.06666666666666667","0.0","0.9333333333333333","0.2","0.9333333333333333"
"30","0.06451612903225806","0.0","0.9032258064516129","0.1935483870967742","0.967741935483871"
"31","0.0625","0.0","0.875","0.1875","1.0"
"32","0.06060606060606061","0.0","0.8484848484848485","0.18181818181818182","1.0303030303030303"
"33","0.058823529411764705","0.0","0.8823529411764706","0.17647058823529413","1.0588235294117647"
"34","0.05714285714285714","0.0","0.8571428571428571","0.17142857142857143","1.0285714285714285"
"35","0.05555555555555555","0.0","0.8333333333333334","0.16666666666666666","1.0"
"36","0.05405405405405406","0.0","0.8108108108108109","0.16216216216216217","1.027027027027027"
"37","0.05263157894736842","0.0","0.7894736842105263","0.15789473684210525","1.0"
"38","0.05128205128205128","0.0","0.7692307692307693","0.15384615384615385","1.0256410256410255"
"39","0.05","0.0","0.75","0.15","1.0"
"40","0.04878048780487805","0.0","0.7317073170731707","0.14634146341463414","0.975609756097561"
"41","0.047619047619047616","0.0","0.7142857142857143","0.14285714285714285","0.9523809523809523"
"42","0.046511627906976744","0.0","0.7441860465116279","0.13953488372093023","0.9302325581395349"
"43","0.045454545454545456","0.0","0.7727272727272727","0.13636363636363635","0.9090909090909091"
"44","0.044444444444444446","0.0","0.8","0.13333333333333333","0.9333333333333333"
"45","0.043478260869565216","0.0","0.8260869565217391","0.13043478260869565","0.9130434782608695"
"46","0.0425531914893617","0.0","0.851063829787234","0.1276595744680851","0.8936170212765957"
"47","0.041666666666666664","0.0","0.875","0.16666666666666666","0.9166666666666666"
"48","0.04081632653061224","0.0","0.8979591836734694","0.16326530612244897","0.8979591836734694"
"49","0.04","0.0","0.88","0.16","0.88"
"50","0.0392156862745098","0.0","0.8627450980392157","0.1568627450980392","0.8627450980392157"
"51","0.038461538461538464","0.0","0.8461538461538461","0.15384615384615385","0.8846153846153846"
"52","0.03773584905660377","0.0","0.8301886792452831","0.1509433962264151","0.9056603773584906"
"53","0.037037037037037035","0.0","0.8148148148148148","0.14814814814814814","0.8888888888888888"
"54","0.03636363636363636","0.0","0.8","0.14545454545454545","0.8727272727272727"
"55","0.03571428571428571","0.0","0.7857142857142857","0.14285714285714285","0.8571428571428571"
"56","0.03508771929824561","0.0","0.7719298245614035","0.14035087719298245","0.8771929824561403"
"57","0.034482758620689655","0.0","0.7586206896551724","0.1724137931034483","0.8620689655172413"
"58","0.03389830508474576","0.0","0.7457627118644068","0.1694915254237288","0.847457627118644"
"59","0.03333333333333333","0.0","0.7333333333333333","0.16666666666666666","0.8333333333333334"
"60","0.03278688524590164","0.0","0.7213114754098361","0.16393442622950818","0.819672131147541"
"61","0.03225806451612903","0.0","0.7096774193548387","0.16129032258064516","0.8064516129032258"
"62","0.031746031746031744","0.0","0.6984126984126984","0.15873015873015872","0.7936507936507936"
"63","0.03125","0.0","0.6875","0.15625","0.78125"
"64","0.03076923076923077","0.0","0.676923076923077","0.15384615384615385","0.7692307692307693"
"65","0.030303030303030304","0.0","0.6666666666666666","0.15151515151515152","0.7575757575757576"
"66","0.029850746268656716","0.0","0.6567164179104478","0.14925373134328357","0.746268656716418"
"67","0.029411764705882353","0.0","0.6470588235294118","0.14705882352941177","0.7352941176470589"
"68","0.028985507246376812","0.0","0.6376811594202898","0.17391304347826086","0.7246376811594203"
"69","0.02857142857142857","0.0","0.6285714285714286","0.17142857142857143","0.7428571428571429"
"70","0.028169014084507043","0.0","0.6197183098591549","0.16901408450704225","0.7605633802816901"
"71","0.027777777777777776","0.0","0.6111111111111112","0.16666666666666666","0.75"
"72","0.0273972602739726","0.0","0.6027397260273972","0.1643835616438356","0.7397260273972602"
"73","0.02702702702702703","0.0","0.5945945945945946","0.16216216216216217","0.7297297297297297"
"74","0.02666666666666667","0.0","0.5866666666666667","0.16","0.72"
"75","0.02631578947368421","0.0","0.5789473684210527","0.18421052631578946","0.7105263157894737"
"76","0.025974025974025976","0.0","0.5714285714285714","0.18181818181818182","0.7012987012987013"
"77","0.02564102564102564","0.0","0.5641025641025641","0.1794871794871795","0.6923076923076923"
"78","0.02531645569620253","0.0","0.5569620253164557","0.17721518987341772","0.6835443037974683"
"79","0.025","0.0","0.55","0.175","0.675"
"80","0.024691358024691357","0.0","0.5432098765432098","0.1728395061728395","0.6666666666666666"
"81","0.024390243902439025","0.0","0.5365853658536586","0.17073170731707318","0.6585365853658537"
"82","0.024096385542168676","0.0","0.5301204819277109","0.1686746987951807","0.6746987951807228"
"83","0.023809523809523808","0.0","0.5238095238095238","0.16666666666666666","0.6666666666666666"
"84","0.023529411764705882","0.0","0.5176470588235295","0.16470588235294117","0.6588235294117647"
"85","0.023255813953488372","0.0","0.5116279069767442","0.16279069767441862","0.6511627906976745"
"86","0.022988505747126436","0.0","0.5057471264367817","0.16091954022988506","0.6436781609195402"
"87","0.022727272727272728","0.0","0.5","0.18181818181818182","0.6363636363636364"
"88","0.02247191011235955","0.0","0.4943820224719101","0.1797752808988764","0.6292134831460674"
"89","0.022222222222222223","0.0","0.4888888888888889","0.17777777777777778","0.6222222222222222"
"90","0.02197802197802198","0.0","0.4835164835164835","0.17582417582417584","0.6373626373626373"
"91","0.021739130434782608","0.0","0.4782608695652174","0.17391304347826086","0.6304347826086957"
"92","0.021505376344086023","0.0","0.4731182795698925","0.17204301075268819","0.6236559139784946"
"93","0.02127659574468085","0.0","0.46808510638297873","0.1702127659574468","0.6170212765957447"
"94","0.021052631578947368","0.0","0.4631578947368421","0.16842105263157894","0.6105263157894737"
"95","0.020833333333333332","0.0","0.4583333333333333","0.16666666666666666","0.6041666666666666"
"96","0.020618556701030927","0.0","0.4536082474226804","0.16494845360824742","0.5979381443298969"
"97","0.02040816326530612","0.0","0.4489795918367347","0.16326530612244897","0.5918367346938775"
"98","0.020202020202020204","0.0","0.4444444444444444","0.16161616161616163","0.5858585858585859"
"99","0.02","0.0","0.44","0.16","0.58"
"100","0.019801980198019802","0.0","0.43564356435643564","0.15841584158415842","0.5742574257425742"
"101","0.0196078431372549","0.0","0.43137254901960786","0.1568627450980392","0.5882352941176471"
"102","0.019417475728155338","0.0","0.42718446601941745","0.1553398058252427","0.5825242718446602"
"103","0.019230769230769232","0.0","0.4230769230769231","0.15384615384615385","0.5769230769230769"
"104","0.01904761904761905","0.0","0.41904761904761906","0.1523809523809524","0.5714285714285714"
"105","0.018867924528301886","0.0","0.41509433962264153","0.1509433962264151","0.5849056603773585"
"106","0.018691588785046728","0.0","0.411214953271028","0.14953271028037382","0.5794392523364486"
"107","0.018518518518518517","0.0","0.4074074074074074","0.14814814814814814","0.5740740740740741"
"108","0.01834862385321101","0.0","0.4036697247706422","0.14678899082568808","0.5688073394495413"
"109","0.01818181818181818","0.0","0.4","0.14545454545454545","0.5636363636363636"
"110","0.018018018018018018","0.0","0.3963963963963964","0.14414414414414414","0.5585585585585585"
"111","0.017857142857142856","0.0","0.39285714285714285","0.14285714285714285","0.5535714285714286"
"112","0.017699115044247787","0.0","0.3893805309734513","0.1415929203539823","0.5486725663716814"
"113","0.017543859649122806","0.0","0.38596491228070173","0.14035087719298245","0.543859649122807"
"114","0.017391304347826087","0.0","0.3826086956521739","0.1391304347826087","0.5391304347826087"
"115","0.017241379310344827","0.0","0.3793103448275862","0.13793103448275862","0.5344827586206896"
"116","0.017094017094017096","0.0","0.37606837606837606","0.13675213675213677","0.5299145299145299"
"117","0.01694915254237288","0.0","0.3728813559322034","0.13559322033898305","0.5254237288135594"
"118","0.01680672268907563","0.0","0.3697478991596639","0.13445378151260504","0.5210084033613446"
"119","0.016666666666666666","0.0","0.36666666666666664","0.13333333333333333","0.5166666666666667"
"120","0.01652892561983471","0.0","0.36363636363636365","0.1322314049586777","0.512396694214876"
"121","0.01639344262295082","0.0","0.36065573770491804","0.13114754098360656","0.5081967213114754"
"122","0.016260162601626018","0.0","0.35772357723577236","0.13008130081300814","0.5040650406504065"
"123","0.016129032258064516","0.0","0.3548387096774194","0.12903225806451613","0.5"
"124","0.016","0.0","0.352","0.128","0.496"
"125","0.015873015873015872","0.0","0.3492063492063492","0.12698412698412698","0.49206349206349204"
"126","0.015748031496062992","0.0","0.3464566929133858","0.12598425196850394","0.4881889763779528"
"127","0.015625","0.0","0.34375","0.125","0.484375"
"128","0.015503875968992248","0.0","0.34108527131782945","0.12403100775193798","0.4806201550387597"
"129","0.015384615384615385","0.0","0.3384615384615385","0.12307692307692308","0.47692307692307695"
"130","0.015267175572519083","0.0","0.33587786259541985","0.12213740458015267","0.4732824427480916"
"131","0.015151515151515152","0.0","0.3333333333333333","0.12121212121212122","0.4696969696969697"
"132","0.015037593984962405","0.0","0.3308270676691729","0.12030075187969924","0.46616541353383456"
"133","0.014925373134328358","0.0","0.3283582089552239","0.11940298507462686","0.4626865671641791"
"134","0.014814814814814815","0.0","0.32592592592592595","0.11851851851851852","0.45925925925925926"
"135","0.014705882352941176","0.0","0.3235294117647059","0.11764705882352941","0.45588235294117646"
"136","0.014598540145985401","0.0","0.32116788321167883","0.11678832116788321","0.45255474452554745"
"137","0.014492753623188406","0.0","0.3188405797101449","0.11594202898550725","0.4492753623188406"
"138","0.014388489208633094","0.0","0.31654676258992803","0.11510791366906475","0.4460431654676259"
"139","0.014285714285714285","0.0","0.3142857142857143","0.11428571428571428","0.44285714285714284"
"140","0.014184397163120567","0.0","0.3120567375886525","0.11347517730496454","0.4397163120567376"
"141","0.014084507042253521","0.0","0.30985915492957744","0.11267605633802817","0.43661971830985913"
"142","0.013986013986013986","0.0","0.3076923076923077","0.11188811188811189","0.43356643356643354"
"143","0.013888888888888888","0.0","0.3055555555555556","0.1111111111111111","0.4305555555555556"
"144","0.013793103448275862","0.0","0.30344827586206896","0.1103448275862069","0.42758620689655175"
"145","0.0136986301369863","0.0","0.3013698630136986","0.1232876712328767","0.4246575342465753"
"146","0.013605442176870748","0.0","0.29931972789115646","0.12244897959183673","0.4217687074829932"
"147","0.013513513513513514","0.0","0.2972972972972973","0.12162162162162163","0.4189189189189189"
"148","0.013422818791946308","0.0","0.2953020134228188","0.12080536912751678","0.4161073825503356"
"149","0.013333333333333334","0.0","0.29333333333333333","0.12","0.41333333333333333"
"150","0.013245033112582781","0.0","0.2913907284768212","0.11920529801324503","0.423841059602649"
"151","0.013157894736842105","0.0","0.2894736842105263","0.11842105263157894","0.42105263157894735"
"152","0.013071895424836602","0.0","0.2875816993464052","0.11764705882352941","0.41830065359477125"
"153","0.012987012987012988","0.0","0.2857142857142857","0.11688311688311688","0.4155844155844156"
"154","0.012903225806451613","0.0","0.2838709677419355","0.11612903225806452","0.4129032258064516"
"155","0.01282051282051282","0.0","0.28205128205128205","0.11538461538461539","0.41025641025641024"
"156","0.012738853503184714","0.0","0.2802547770700637","0.11464968152866242","0.40764331210191085"
"157","0.012658227848101266","0.0","0.27848101265822783","0.11392405063291139","0.4050632911392405"
"158","0.012578616352201259","0.0","0.27672955974842767","0.12578616352201258","0.4025157232704403"
"159","0.0125","0.0","0.275","0.125","0.4"
"160","0.012422360248447204","0.0","0.2732919254658385","0.12422360248447205","0.39751552795031053"
"161","0.012345679012345678","0.0","0.2716049382716049","0.12345679012345678","0.3950617283950617"
"162","0.012269938650306749","0.0","0.26993865030674846","0.12269938650306748","0.4049079754601227"
"163","0.012195121951219513","0.0","0.2682926829268293","0.12195121951219512","0.4024390243902439"
"164","0.012121212121212121","0.0","0.26666666666666666","0.12121212121212122","0.4"
"165","0.012048192771084338","0.0","0.26506024096385544","0.12048192771084337","0.39759036144578314"
"166","0.011976047904191617","0.0","0.2634730538922156","0.11976047904191617","0.40718562874251496"
"167","0.011904761904761904","0.0","0.2619047619047619","0.11904761904761904","0.40476190476190477"
"168","0.011834319526627219","0.0","0.2603550295857988","0.11834319526627218","0.40236686390532544"
"169","0.011764705882352941","0.0","0.25882352941176473","0.11764705882352941","0.4"
"170","0.011695906432748537","0.0","0.2573099415204678","0.11695906432748537","0.39766081871345027"
"171","0.011627906976744186","0.0","0.2558139534883721","0.11627906976744186","0.3953488372093023"
"172","0.011560693641618497","0.0","0.2543352601156069","0.11560693641618497","0.3930635838150289"
"173","0.011494252873563218","0.0","0.25287356321839083","0.11494252873563218","0.40229885057471265"
"174","0.011428571428571429","0.0","0.25142857142857145","0.11428571428571428","0.4"
"175","0.011363636363636364","0.0","0.25","0.11363636363636363","0.3977272727272727"
"176","0.011299435028248588","0.0","0.24858757062146894","0.11299435028248588","0.3954802259887006"
"177","0.011235955056179775","0.0","0.24719101123595505","0.11235955056179775","0.39325842696629215"
"178","0.0111731843575419","0.0","0.24581005586592178","0.11173184357541899","0.39106145251396646"
"179","0.011111111111111112","0.0","0.24444444444444444","0.1111111111111111","0.3888888888888889"
"180","0.011049723756906077","0.0","0.2430939226519337","0.11049723756906077","0.3867403314917127"
"181","0.01098901098901099","0.0","0.24175824175824176","0.10989010989010989","0.38461538461538464"
"182","0.01092896174863388","0.0","0.24043715846994534","0.12021857923497267","0.3825136612021858"
"183","0.010869565217391304","0.0","0.2391304347826087","0.11956521739130435","0.391304347826087"
"184","0.010810810810810811","0.0","0.23783783783783785","0.11891891891891893","0.3891891891891892"
"185","0.010752688172043012","0.0","0.23655913978494625","0.11827956989247312","0.3870967741935484"
"186","0.0106951871657754","0.0","0.23529411764705882","0.11764705882352941","0.3850267379679144"
"187","0.010638297872340425","0.0","0.23404255319148937","0.11702127659574468","0.3829787234042553"
"188","0.010582010582010581","0.0","0.2328042328042328","0.1164021164021164","0.38095238095238093"
"189","0.010526315789473684","0.0","0.23157894736842105","0.11578947368421053","0.37894736842105264"
"190","0.010471204188481676","0.0","0.23036649214659685","0.11518324607329843","0.3769633507853403"
"191","0.010416666666666666","0.0","0.22916666666666666","0.11458333333333333","0.375"
"192","0.010362694300518135","0.0","0.22797927461139897","0.11398963730569948","0.37305699481865284"
"193","0.010309278350515464","0.0","0.2268041237113402","0.1134020618556701","0.3711340206185567"
"194","0.010256410256410256","0.0","0.22564102564102564","0.11282051282051282","0.36923076923076925"
"195","0.01020408163265306","0.0","0.22448979591836735","0.11224489795918367","0.3673469387755102"
"196","0.01015228426395939","0.0","0.2233502538071066","0.1116751269035533","0.36548223350253806"
"197","0.010101010101010102","0.0","0.2222222222222222","0.1111111111111111","0.36363636363636365"
"198","0.010050251256281407","0.0","0.22110552763819097","0.11055276381909548","0.36180904522613067"
"199","0.01","0.0","0.22","0.11","0.36"
"200","0.009950248756218905","0.0","0.21890547263681592","0.10945273631840796","0.3582089552238806"
"201","0.009900990099009901","0.0","0.21782178217821782","0.10891089108910891","0.3564356435643564"
"202","0.009852216748768473","0.0","0.21674876847290642","0.10837438423645321","0.35467980295566504"
"203","0.00980392156862745","0.0","0.21568627450980393","0.10784313725490197","0.35294117647058826"
"204","0.00975609756097561","0.0","0.2146341463414634","0.1073170731707317","0.35121951219512193"
"205","0.009708737864077669","0.0","0.21359223300970873","0.10679611650485436","0.34951456310679613"
"206","0.00966183574879227","0.0","0.21256038647342995","0.10628019323671498","0.34782608695652173"
"207","0.009615384615384616","0.0","0.21153846153846154","0.10576923076923077","0.34615384615384615"
"208","0.009569377990430622","0.0","0.21052631578947367","0.10526315789473684","0.3444976076555024"
"209","0.009523809523809525","0.0","0.20952380952380953","0.10476190476190476","0.34285714285714286"
"210","0.009478672985781991","0.0","0.20853080568720378","0.10426540284360189","0.3412322274881517"
"211","0.009433962264150943","0.0","0.20754716981132076","0.10377358490566038","0.33962264150943394"
"212","0.009389671361502348","0.0","0.20657276995305165","0.10328638497652583","0.3380281690140845"
"213","0.009345794392523364","0.0","0.205607476635514","0.102803738317757","0.3364485981308411"
"214","0.009302325581395349","0.0","0.20465116279069767","0.10232558139534884","0.33488372093023255"
"215","0.009259259259259259","0.0","0.2037037037037037","0.10185185185185185","0.3333333333333333"
"216","0.009216589861751152","0.0","0.20276497695852536","0.10138248847926268","0.3317972350230415"
"217","0.009174311926605505","0.0","0.2018348623853211","0.10091743119266056","0.3302752293577982"
"218","0.0091324200913242","0.0","0.2009132420091324","0.1004566210045662","0.3287671232876712"
"219","0.00909090909090909","0.0","0.2","0.1","0.32727272727272727"
"220","0.00904977375565611","0.0","0.19909502262443438","0.09954751131221719","0.3257918552036199"
"221","0.009009009009009009","0.0","0.1981981981981982","0.0990990990990991","0.32432432432432434"
"222","0.008968609865470852","0.0","0.19730941704035873","0.10762331838565023","0.32286995515695066"
"223","0.008928571428571428","0.0","0.19642857142857142","0.10714285714285714","0.32142857142857145"
"224","0.008888888888888889","0.0","0.19555555555555557","0.10666666666666667","0.32"
"225","0.008849557522123894","0.0","0.19469026548672566","0.11504424778761062","0.3185840707964602"
"226","0.00881057268722467","0.0","0.19383259911894274","0.1145374449339207","0.31718061674008813"
"227","0.008771929824561403","0.0","0.19298245614035087","0.11403508771929824","0.3157894736842105"
"228","0.008733624454148471","0.0","0.19213973799126638","0.11353711790393013","0.314410480349345"
"229","0.008695652173913044","0.0","0.19130434782608696","0.11304347826086956","0.3130434782608696"
"230","0.008658008658008658","0.0","0.19047619047619047","0.12121212121212122","0.3116883116883117"
"231","0.008620689655172414","0.0","0.1896551724137931","0.1206896551724138","0.3103448275862069"
"232","0.008583690987124463","0.0","0.1888412017167382","0.12017167381974249","0.3090128755364807"
"233","0.008547008547008548","0.0","0.18803418803418803","0.11965811965811966","0.3076923076923077"
"234","0.00851063829787234","0.0","0.18723404255319148","0.1276595744680851","0.30638297872340425"
"235","0.00847457627118644","0.0","0.1864406779661017","0.1271186440677966","0.3050847457627119"
"236","0.008438818565400843","0.0","0.18565400843881857","0.12658227848101267","0.3037974683544304"
"237","0.008403361344537815","0.0","0.18487394957983194","0.12605042016806722","0.3025210084033613"
"238","0.008368200836820083","0.0","0.18410041841004185","0.13389121338912133","0.301255230125523"
"239","0.008333333333333333","0.0","0.18333333333333332","0.13333333333333333","0.3"
"240","0.008298755186721992","0.0","0.1825726141078838","0.13278008298755187","0.2987551867219917"
"241","0.008264462809917356","0.0","0.18181818181818182","0.1322314049586777","0.2975206611570248"
"242","0.00823045267489712","0.0","0.18106995884773663","0.13168724279835392","0.2962962962962963"
"243","0.00819672131147541","0.0","0.18032786885245902","0.13114754098360656","0.29508196721311475"
"244","0.00816326530612245","0.0","0.17959183673469387","0.1306122448979592","0.2938775510204082"
"245","0.008130081300813009","0.0","0.17886178861788618","0.13008130081300814","0.2926829268292683"
"246","0.008097165991902834","0.0","0.17813765182186234","0.12955465587044535","0.291497975708502"
"247","0.008064516129032258","0.0","0.1774193548387097","0.12903225806451613","0.2903225806451613"
"248","0.008032128514056224","0.0","0.17670682730923695","0.1285140562248996","0.2971887550200803"
"249","0.008","0.0","0.176","0.128","0.296"
"250","0.00796812749003984","0.0","0.1752988047808765","0.12749003984063745","0.2948207171314741"
"251","0.007936507936507936","0.0","0.1746031746031746","0.12698412698412698","0.29365079365079366"
"252","0.007905138339920948","0.0","0.17391304347826086","0.12648221343873517","0.2924901185770751"
"253","0.007874015748031496","0.0","0.1732283464566929","0.12598425196850394","0.29133858267716534"
"254","0.00784313725490196","0.0","0.17254901960784313","0.12549019607843137","0.2901960784313726"
"255","0.0078125","0.0","0.171875","0.125","0.2890625"
"256","0.007782101167315175","0.0","0.17120622568093385","0.1245136186770428","0.28793774319066145"
"257","0.007751937984496124","0.0","0.17054263565891473","0.12403100775193798","0.2868217054263566"
"258","0.007722007722007722","0.0","0.16988416988416988","0.12355212355212356","0.2857142857142857"
"259","0.007692307692307693","0.0","0.16923076923076924","0.12307692307692308","0.2846153846153846"
"260","0.007662835249042145","0.0","0.1685823754789272","0.12260536398467432","0.2835249042145594"
"261","0.007633587786259542","0.0","0.16793893129770993","0.1297709923664122","0.2824427480916031"
"262","0.0076045627376425855","0.0","0.16730038022813687","0.12927756653992395","0.2813688212927757"
"263","0.007575757575757576","0.0","0.16666666666666666","0.12878787878787878","0.2803030303030303"
"264","0.007547169811320755","0.0","0.1660377358490566","0.12830188679245283","0.2792452830188679"
"265","0.007518796992481203","0.0","0.16541353383458646","0.12781954887218044","0.2781954887218045"
"266","0.00749063670411985","0.0","0.1647940074906367","0.12734082397003746","0.27715355805243447"
"267","0.007462686567164179","0.0","0.16417910447761194","0.12686567164179105","0.27611940298507465"
"268","0.007434944237918215","0.0","0.16356877323420074","0.12639405204460966","0.275092936802974"
"269","0.007407407407407408","0.0","0.16296296296296298","0.1259259259259259","0.2740740740740741"
"270","0.007380073800738007","0.0","0.16236162361623616","0.12546125461254612","0.2730627306273063"
"271","0.007352941176470588","0.0","0.16176470588235295","0.125","0.27205882352941174"
"272","0.007326007326007326","0.0","0.16117216117216118","0.12454212454212454","0.27106227106227104"
"273","0.0072992700729927005","0.0","0.16058394160583941","0.12408759124087591","0.27007299270072993"
"274","0.007272727272727273","0.0","0.16","0.12363636363636364","0.2690909090909091"
"275","0.007246376811594203","0.0","0.15942028985507245","0.13043478260869565","0.26811594202898553"
"276","0.007220216606498195","0.0","0.1588447653429603","0.1299638989169675","0.26714801444043323"
"277","0.007194244604316547","0.0","0.15827338129496402","0.12949640287769784","0.26618705035971224"
"278","0.007168458781362007","0.0","0.15770609318996415","0.12903225806451613","0.26523297491039427"
"279","0.007142857142857143","0.0","0.15714285714285714","0.12857142857142856","0.2642857142857143"
"280","0.0071174377224199285","0.0","0.15658362989323843","0.12811387900355872","0.26334519572953735"
"281","0.0070921985815602835","0.0","0.15602836879432624","0.1276595744680851","0.2624113475177305"
"282","0.007067137809187279","0.0","0.15547703180212014","0.127208480565371","0.26148409893992935"
"283","0.007042253521126761","0.0","0.15492957746478872","0.1267605633802817","0.2605633802816901"
"284","0.007017543859649123","0.0","0.1543859649122807","0.12631578947368421","0.2596491228070175"
"285","0.006993006993006993","0.0","0.15384615384615385","0.1258741258741259","0.25874125874125875"
"286","0.006968641114982578","0.0","0.15331010452961671","0.1254355400696864","0.2578397212543554"
"287","0.006944444444444444","0.0","0.1527777777777778","0.125","0.2569444444444444"
"288","0.006920415224913495","0.0","0.1522491349480969","0.1245674740484429","0.2560553633217993"
"289","0.006896551724137931","0.0","0.15172413793103448","0.12413793103448276","0.25517241379310346"
"290","0.006872852233676976","0.0","0.15120274914089346","0.12371134020618557","0.2542955326460481"
"291","0.00684931506849315","0.0","0.1506849315068493","0.1232876712328767","0.2534246575342466"
"292","0.006825938566552901","0.0","0.15017064846416384","0.12286689419795221","0.2525597269624573"
"293","0.006802721088435374","0.0","0.14965986394557823","0.12244897959183673","0.25170068027210885"
"294","0.006779661016949152","0.0","0.14915254237288136","0.12203389830508475","0.25084745762711863"
"295","0.006756756756756757","0.0","0.14864864864864866","0.12837837837837837","0.25"
"296","0.006734006734006734","0.0","0.14814814814814814","0.12794612794612795","0.24915824915824916"
"297","0.006711409395973154","0.0","0.1476510067114094","0.12751677852348994","0.2483221476510067"
"298","0.006688963210702341","0.0","0.14715719063545152","0.12709030100334448","0.24749163879598662"
"299","0.006666666666666667","0.0","0.14666666666666667","0.12666666666666668","0.24666666666666667"
"300","0.006644518272425249","0.0","0.1461794019933555","0.12624584717607973","0.24584717607973422"
"301","0.006622516556291391","0.0","0.1456953642384106","0.12582781456953643","0.24503311258278146"
"302","0.006600660066006601","0.0","0.14521452145214522","0.1254125412541254","0.24422442244224424"
"303","0.006578947368421052","0.0","0.14473684210526316","0.125","0.24342105263157895"
"304","0.006557377049180328","0.0","0.14426229508196722","0.12459016393442623","0.24262295081967214"
"305","0.006535947712418301","0.0","0.1437908496732026","0.12418300653594772","0.24183006535947713"
"306","0.006514657980456026","0.0","0.14332247557003258","0.13029315960912052","0.24104234527687296"
"307","0.006493506493506494","0.0","0.14285714285714285","0.12987012987012986","0.24025974025974026"
"308","0.006472491909385114","0.0","0.1423948220064725","0.12944983818770225","0.23948220064724918"
"309","0.0064516129032258064","0.0","0.14193548387096774","0.12903225806451613","0.23870967741935484"
"310","0.006430868167202572","0.0","0.1414790996784566","0.12861736334405144","0.2379421221864952"
"311","0.00641025641025641","0.0","0.14102564102564102","0.1282051282051282","0.23717948717948717"
"312","0.006389776357827476","0.0","0.14057507987220447","0.12779552715654952","0.2364217252396166"
"313","0.006369426751592357","0.0","0.14012738853503184","0.12738853503184713","0.2356687898089172"
"314","0.006349206349206349","0.0","0.13968253968253969","0.12698412698412698","0.23492063492063492"
"315","0.006329113924050633","0.0","0.13924050632911392","0.12658227848101267","0.23417721518987342"
"316","0.006309148264984227","0.0","0.138801261829653","0.12618296529968454","0.2334384858044164"
"317","0.006289308176100629","0.0","0.13836477987421383","0.12578616352201258","0.23270440251572327"
"318","0.006269592476489028","0.0","0.13793103448275862","0.12539184952978055","0.23197492163009403"
"319","0.00625","0.0","0.1375","0.125","0.23125"
"320","0.006230529595015576","0.0","0.13707165109034267","0.12461059190031153","0.23052959501557632"
"321","0.006211180124223602","0.0","0.13664596273291926","0.12422360248447205","0.22981366459627328"
"322","0.006191950464396285","0.0","0.13622291021671826","0.1238390092879257","0.22910216718266255"
"323","0.006172839506172839","0.0","0.13580246913580246","0.12345679012345678","0.22839506172839505"
"324","0.006153846153846154","0.0","0.13538461538461538","0.12923076923076923","0.2276923076923077"
"325","0.006134969325153374","0.0","0.13496932515337423","0.12883435582822086","0.22699386503067484"
"326","0.0061162079510703364","0.0","0.1345565749235474","0.12844036697247707","0.22629969418960244"
"327","0.006097560975609756","0.0","0.13414634146341464","0.12804878048780488","0.22560975609756098"
"328","0.0060790273556231","0.0","0.1337386018237082","0.1276595744680851","0.22492401215805471"
"329","0.006060606060606061","0.0","0.13333333333333333","0.12727272727272726","0.22424242424242424"
"330","0.006042296072507553","0.0","0.13293051359516617","0.1268882175226586","0.22356495468277945"
"331","0.006024096385542169","0.0","0.13253012048192772","0.12650602409638553","0.22289156626506024"
"332","0.006006006006006006","0.0","0.13213213213213212","0.12612612612612611","0.2222222222222222"
"333","0.005988023952095809","0.0","0.1317365269461078","0.12574850299401197","0.2215568862275449"
"334","0.005970149253731343","0.0","0.13134328358208955","0.1253731343283582","0.2208955223880597"
"335","0.005952380952380952","0.0","0.13095238095238096","0.125","0.22023809523809523"
"336","0.005934718100890208","0.0","0.13056379821958458","0.13056379821958458","0.2195845697329377"
"337","0.005917159763313609","0.0","0.1301775147928994","0.1301775147928994","0.21893491124260356"
"338","0.0058997050147492625","0.0","0.12979351032448377","0.12979351032448377","0.2182890855457227"
"339","0.0058823529411764705","0.0","0.12941176470588237","0.12941176470588237","0.21764705882352942"
"340","0.005865102639296188","0.0","0.12903225806451613","0.12903225806451613","0.21700879765395895"
"341","0.005847953216374269","0.0","0.1286549707602339","0.1286549707602339","0.21637426900584794"
"342","0.0058309037900874635","0.0","0.1282798833819242","0.1282798833819242","0.21574344023323616"
"343","0.005813953488372093","0.0","0.12790697674418605","0.12790697674418605","0.21511627906976744"
"344","0.005797101449275362","0.0","0.12753623188405797","0.12753623188405797","0.2144927536231884"
"345","0.005780346820809248","0.0","0.12716763005780346","0.12716763005780346","0.2138728323699422"
"346","0.005763688760806916","0.0","0.12680115273775217","0.12680115273775217","0.2132564841498559"
"347","0.005747126436781609","0.0","0.12643678160919541","0.12643678160919541","0.21264367816091953"
"348","0.0057306590257879654","0.0","0.12607449856733524","0.1318051575931232","0.21203438395415472"
"349","0.005714285714285714","0.0","0.12571428571428572","0.13142857142857142","0.21142857142857144"
"350","0.005698005698005698","0.0","0.12535612535612536","0.13105413105413105","0.21082621082621084"
"351","0.005681818181818182","0.0","0.125","0.13068181818181818","0.21022727272727273"
"352","0.0056657223796034","0.0","0.12464589235127478","0.13031161473087818","0.2096317280453258"
"353","0.005649717514124294","0.0","0.12429378531073447","0.12994350282485875","0.20903954802259886"
"354","0.005633802816901409","0.0","0.12394366197183099","0.1295774647887324","0.2084507042253521"
"355","0.0056179775280898875","0.0","0.12359550561797752","0.12921348314606743","0.20786516853932585"
"356","0.0056022408963585435","0.0","0.12324929971988796","0.13445378151260504","0.20728291316526612"
"357","0.00558659217877095","0.0","0.12290502793296089","0.1340782122905028","0.20670391061452514"
"358","0.005571030640668524","0.0","0.12256267409470752","0.13370473537604458","0.20612813370473537"
"359","0.005555555555555556","0.0","0.12222222222222222","0.13333333333333333","0.20555555555555555"
"360","0.00554016620498615","0.0","0.12188365650969529","0.1329639889196676","0.20498614958448755"
"361","0.0055248618784530384","0.0","0.12154696132596685","0.13259668508287292","0.20441988950276244"
"362","0.005509641873278237","0.0","0.12121212121212122","0.1322314049586777","0.20385674931129477"
"363","0.005494505494505495","0.0","0.12087912087912088","0.13186813186813187","0.2032967032967033"
"364","0.005479452054794521","0.0","0.12054794520547946","0.13150684931506848","0.20273972602739726"
"365","0.00546448087431694","0.0","0.12021857923497267","0.13114754098360656","0.20218579234972678"
"366","0.005449591280653951","0.0","0.11989100817438691","0.1307901907356948","0.2016348773841962"
"367","0.005434782608695652","0.0","0.11956521739130435","0.13043478260869565","0.20108695652173914"
"368","0.005420054200542005","0.0","0.11924119241192412","0.13008130081300814","0.2005420054200542"
"369","0.005405405405405406","0.0","0.11891891891891893","0.12972972972972974","0.2"
"370","0.005390835579514825","0.0","0.11859838274932614","0.1293800539083558","0.19946091644204852"
"371","0.005376344086021506","0.0","0.11827956989247312","0.12903225806451613","0.1989247311827957"
"372","0.005361930294906166","0.0","0.11796246648793565","0.128686327077748","0.19839142091152814"
"373","0.0053475935828877","0.0","0.11764705882352941","0.12834224598930483","0.19786096256684493"
"374","0.005333333333333333","0.0","0.11733333333333333","0.128","0.19733333333333333"
"375","0.005319148936170213","0.0","0.11702127659574468","0.1276595744680851","0.19680851063829788"
"376","0.005305039787798408","0.0","0.11671087533156499","0.1273209549071618","0.1962864721485411"
"377","0.005291005291005291","0.0","0.1164021164021164","0.12698412698412698","0.19576719576719576"
"378","0.005277044854881266","0.0","0.11609498680738786","0.1266490765171504","0.19525065963060687"
"379","0.005263157894736842","0.0","0.11578947368421053","0.12631578947368421","0.19473684210526315"
"380","0.005249343832020997","0.0","0.11548556430446194","0.12598425196850394","0.1942257217847769"
"381","0.005235602094240838","0.0","0.11518324607329843","0.1256544502617801","0.193717277486911"
"382","0.005221932114882507","0.0","0.11488250652741515","0.12532637075718014","0.19321148825065274"
"383","0.005208333333333333","0.0","0.11458333333333333","0.125","0.19270833333333334"
"384","0.005194805194805195","0.0","0.11428571428571428","0.12467532467532468","0.19220779220779222"
"385","0.0051813471502590676","0.0","0.11398963730569948","0.12435233160621761","0.19170984455958548"
"386","0.00516795865633075","0.0","0.11369509043927649","0.12403100775193798","0.19121447028423771"
"387","0.005154639175257732","0.0","0.1134020618556701","0.12371134020618557","0.19072164948453607"
"388","0.005141388174807198","0.0","0.11311053984575835","0.12339331619537275","0.19023136246786632"
"389","0.005128205128205128","0.0","0.11282051282051282","0.12307692307692308","0.18974358974358974"
"390","0.005115089514066497","0.0","0.11253196930946291","0.12276214833759591","0.18925831202046037"
"391","0.00510204081632653","0.0","0.11224489795918367","0.12244897959183673","0.18877551020408162"
"392","0.005089058524173028","0.0","0.11195928753180662","0.12213740458015267","0.18829516539440203"
"393","0.005076142131979695","0.0","0.1116751269035533","0.1218274111675127","0.18781725888324874"
"394","0.005063291139240506","0.0","0.11139240506329114","0.12151898734177215","0.18734177215189873"
"395","0.005050505050505051","0.0","0.1111111111111111","0.12121212121212122","0.18686868686868688"
"396","0.005037783375314861","0.0","0.11083123425692695","0.12090680100755667","0.18639798488664988"
"397","0.005025125628140704","0.0","0.11055276381909548","0.12060301507537688","0.18592964824120603"
"398","0.005012531328320802","0.0","0.11027568922305764","0.12030075187969924","0.18546365914786966"
"399","0.005","0.0","0.11","0.12","0.185"
"400","0.004987531172069825","0.0","0.10972568578553615","0.11970074812967581","0.18453865336658354"
"401","0.004975124378109453","0.0","0.10945273631840796","0.11940298507462686","0.18407960199004975"
"402","0.004962779156327543","0.0","0.10918114143920596","0.11910669975186104","0.18362282878411912"
"403","0.0049504950495049506","0.0","0.10891089108910891","0.12376237623762376","0.18316831683168316"
"404","0.0049382716049382715","0.0","0.10864197530864197","0.12345679012345678","0.18271604938271604"
"405","0.0049261083743842365","0.0","0.10837438423645321","0.12315270935960591","0.18226600985221675"
"406","0.004914004914004914","0.0","0.10810810810810811","0.12285012285012285","0.18181818181818182"
"407","0.004901960784313725","0.0","0.10784313725490197","0.12254901960784313","0.18137254901960784"
"408","0.004889975550122249","0.0","0.10757946210268948","0.12224938875305623","0.18092909535452323"
"409","0.004878048780487805","0.0","0.1073170731707317","0.12195121951219512","0.18048780487804877"
"410","0.004866180048661801","0.0","0.1070559610705596","0.12165450121654502","0.18004866180048662"
"411","0.0048543689320388345","0.0","0.10679611650485436","0.12135922330097088","0.1796116504854369"
"412","0.004842615012106538","0.0","0.10653753026634383","0.12106537530266344","0.1791767554479419"
"413","0.004830917874396135","0.0","0.10628019323671498","0.12560386473429952","0.178743961352657"
"414","0.004819277108433735","0.0","0.10602409638554217","0.12530120481927712","0.1783132530120482"
"415","0.004807692307692308","0.0","0.10576923076923077","0.125","0.1778846153846154"
"416","0.004796163069544364","0.0","0.10551558752997602","0.12470023980815348","0.1774580335731415"
"417","0.004784688995215311","0.0","0.10526315789473684","0.12440191387559808","0.17703349282296652"
"418","0.00477326968973747","0.0","0.10501193317422435","0.12410501193317422","0.1766109785202864"
"419","0.004761904761904762","0.0","0.10476190476190476","0.12380952380952381","0.1761904761904762"
"420","0.004750593824228029","0.0","0.10451306413301663","0.12351543942992874","0.17577197149643706"
"421","0.004739336492890996","0.0","0.10426540284360189","0.12322274881516587","0.17535545023696683"
"422","0.004728132387706856","0.0","0.10401891252955082","0.12293144208037825","0.17494089834515367"
"423","0.0047169811320754715","0.0","0.10377358490566038","0.12264150943396226","0.17452830188679244"
"424","0.004705882352941176","0.0","0.10352941176470588","0.1223529411764706","0.17411764705882352"
"425","0.004694835680751174","0.0","0.10328638497652583","0.12206572769953052","0.17370892018779344"
"426","0.00468384074941452","0.0","0.10304449648711944","0.12177985948477751","0.17330210772833723"
"427","0.004672897196261682","0.0","0.102803738317757","0.12149532710280374","0.17289719626168223"
"428","0.004662004662004662","0.0","0.10256410256410256","0.12121212121212122","0.17249417249417248"
"429","0.004651162790697674","0.0","0.10232558139534884","0.12093023255813953","0.17209302325581396"
"430","0.004640371229698376","0.0","0.10208816705336426","0.12064965197215777","0.1716937354988399"
"431","0.004629629629629629","0.0","0.10185185185185185","0.12037037037037036","0.1712962962962963"
"432","0.004618937644341801","0.0","0.10161662817551963","0.12009237875288684","0.17090069284064666"
"433","0.004608294930875576","0.0","0.10138248847926268","0.11981566820276497","0.17050691244239632"
"434","0.004597701149425287","0.0","0.10114942528735632","0.11954022988505747","0.17011494252873563"
"435","0.0045871559633027525","0.0","0.10091743119266056","0.11926605504587157","0.16972477064220184"
"436","0.004576659038901602","0.0","0.10068649885583524","0.11899313501144165","0.16933638443935928"
"437","0.0045662100456621","0.0","0.1004566210045662","0.1187214611872146","0.1689497716894977"
"438","0.004555808656036446","0.0","0.10022779043280182","0.11845102505694761","0.16856492027334852"
"439","0.004545454545454545","0.0","0.1","0.11818181818181818","0.16818181818181818"
"440","0.0045351473922902496","0.0","0.09977324263038549","0.11791383219954649","0.16780045351473924"
"441","0.004524886877828055","0.0","0.09954751131221719","0.11764705882352941","0.167420814479638"
"442","0.004514672686230248","0.0","0.09932279909706546","0.11738148984198646","0.1670428893905192"
"443","0.0045045045045045045","0.0","0.0990990990990991","0.11711711711711711","0.16666666666666666"
"444","0.0044943820224719105","0.0","0.09887640449438202","0.11685393258426967","0.1662921348314607"
"445","0.004484304932735426","0.0","0.09865470852017937","0.11659192825112108","0.16591928251121077"
"446","0.0044742729306487695","0.0","0.09843400447427293","0.116331096196868","0.16554809843400448"
"447","0.004464285714285714","0.0","0.09821428571428571","0.11607142857142858","0.16517857142857142"
"448","0.004454342984409799","0.0","0.09799554565701558","0.11581291759465479","0.16481069042316257"
"449","0.0044444444444444444","0.0","0.09777777777777778","0.11555555555555555","0.16444444444444445"
"450","0.004434589800443459","0.0","0.0975609756097561","0.11529933481152993","0.164079822616408"
"451","0.004424778761061947","0.0","0.09734513274336283","0.11504424778761062","0.16371681415929204"
"452","0.004415011037527594","0.0","0.09713024282560706","0.11479028697571744","0.16335540838852097"
"453","0.004405286343612335","0.0","0.09691629955947137","0.1145374449339207","0.16299559471365638"
"454","0.004395604395604396","0.0","0.0967032967032967","0.11428571428571428","0.16263736263736264"
"455","0.0043859649122807015","0.0","0.09649122807017543","0.11403508771929824","0.16228070175438597"
"456","0.00437636761487965","0.0","0.0962800875273523","0.1137855579868709","0.16192560175054704"
"457","0.004366812227074236","0.0","0.09606986899563319","0.11353711790393013","0.1615720524017467"
"458","0.004357298474945534","0.0","0.09586056644880174","0.11328976034858387","0.1655773420479303"
"459","0.004347826086956522","0.0","0.09565217391304348","0.11304347826086956","0.16521739130434782"
"460","0.004338394793926247","0.0","0.09544468546637744","0.11279826464208242","0.1648590021691974"
"461","0.004329004329004329","0.0","0.09523809523809523","0.11255411255411256","0.1645021645021645"
"462","0.004319654427645789","0.0","0.09503239740820735","0.11231101511879049","0.16414686825053995"
"463","0.004310344827586207","0.0","0.09482758620689655","0.11206896551724138","0.16379310344827586"
"464","0.004301075268817204","0.0","0.09462365591397849","0.11182795698924732","0.16344086021505377"
"465","0.004291845493562232","0.0","0.0944206008583691","0.11158798283261803","0.1630901287553648"
"466","0.004282655246252677","0.0","0.09421841541755889","0.11134903640256959","0.16274089935760172"
"467","0.004273504273504274","0.0","0.09401709401709402","0.1111111111111111","0.1623931623931624"
"468","0.0042643923240938165","0.0","0.09381663113006397","0.11087420042643924","0.16204690831556504"
"469","0.00425531914893617","0.0","0.09361702127659574","0.11063829787234042","0.16170212765957448"
"470","0.004246284501061571","0.0","0.09341825902335456","0.11040339702760085","0.1613588110403397"
"471","0.00423728813559322","0.0","0.09322033898305085","0.11016949152542373","0.16101694915254236"
"472","0.004228329809725159","0.0","0.09302325581395349","0.10993657505285412","0.160676532769556"
"473","0.004219409282700422","0.0","0.09282700421940929","0.10970464135021098","0.16455696202531644"
"474","0.004210526315789474","0.0","0.09263157894736843","0.10947368421052632","0.16421052631578947"
"475","0.004201680672268907","0.0","0.09243697478991597","0.1092436974789916","0.1638655462184874"
"476","0.0041928721174004195","0.0","0.09224318658280922","0.1090146750524109","0.16352201257861634"
"477","0.0041841004184100415","0.0","0.09205020920502092","0.1087866108786611","0.16317991631799164"
"478","0.0041753653444676405","0.0","0.0918580375782881","0.10855949895615867","0.162839248434238"
"479","0.004166666666666667","0.0","0.09166666666666666","0.10833333333333334","0.1625"
"480","0.004158004158004158","0.0","0.09147609147609148","0.10810810810810811","0.16216216216216217"
"481","0.004149377593360996","0.0","0.0912863070539419","0.1078838174273859","0.16182572614107885"
"482","0.004140786749482402","0.0","0.09109730848861283","0.10766045548654245","0.16149068322981366"
"483","0.004132231404958678","0.0","0.09090909090909091","0.10743801652892562","0.16115702479338842"
"484","0.004123711340206186","0.0","0.09072164948453608","0.10721649484536082","0.16082474226804125"
"485","0.00411522633744856","0.0","0.09053497942386832","0.10699588477366255","0.16049382716049382"
"486","0.004106776180698152","0.0","0.09034907597535935","0.10677618069815195","0.1601642710472279"
"487","0.004098360655737705","0.0","0.09016393442622951","0.10655737704918032","0.1598360655737705"
"488","0.00408997955010225","0.0","0.08997955010224949","0.10633946830265849","0.15950920245398773"
"489","0.004081632653061225","0.0","0.08979591836734693","0.10612244897959183","0.15918367346938775"
"490","0.004073319755600814","0.0","0.08961303462321792","0.10590631364562118","0.15885947046843177"
"491","0.0040650406504065045","0.0","0.08943089430894309","0.10569105691056911","0.15853658536585366"
"492","0.004056795131845842","0.0","0.08924949290060852","0.10547667342799188","0.15821501014198783"
"493","0.004048582995951417","0.0","0.08906882591093117","0.10526315789473684","0.15789473684210525"
"494","0.00404040404040404","0.0","0.08888888888888889","0.10505050505050505","0.15757575757575756"
"495","0.004032258064516129","0.0","0.08870967741935484","0.10483870967741936","0.15725806451612903"
"496","0.004024144869215292","0.0","0.08853118712273642","0.10462776659959759","0.15694164989939638"
"497","0.004016064257028112","0.0","0.08835341365461848","0.10441767068273092","0.1566265060240964"
"498","0.004008016032064128","0.0","0.08817635270541083","0.10420841683366733","0.156312625250501"
"499","0.004","0.0","0.088","0.104","0.156"
"500","0.0039840319361277065","0.0","0.08782435129740519","0.10379241516966067","0.15568862275449102"
"501","0.003968159298932007","0.0","0.08764940239043825","0.10358565737051793","0.1553784860557769"
"502","0.003952381329552521","0.0","0.0874751491053678","0.10337972166998012","0.1550695825049702"
"503","0.00393669727665758","0.0","0.0873015873015873","0.10317460317460317","0.15476190476190477"
"504","0.00392110639635393","0.0","0.08712871287128712","0.10297029702970296","0.15445544554455445"
"505","0.0039056079520995227","0.0","0.08695652173913043","0.10276679841897234","0.1541501976284585"
"506","0.0038902012146159945","0.0","0.08678500986193294","0.10256410256410256","0.15384615384615385"
"507","0.0038748854618024047","0.0","0.08661417322834646","0.10236220472440945","0.15354330708661418"
"508","0.003859659978651885","0.0","0.08644400785854617","0.10216110019646366","0.15324165029469547"
"509","0.0038445240571671575","0.0","0.08627450980392157","0.10196078431372549","0.15294117647058825"
"510","0.00382947699627804","0.0","0.08610567514677103","0.10176125244618395","0.15264187866927592"
"511","0.003814518101761255","0.0","0.0859375","0.1015625","0.15234375"
"512","0.003799646686159844","0.0","0.08576998050682261","0.10136452241715399","0.15204678362573099"
"513","0.003784862068703966","0.0","0.08560311284046693","0.10116731517509728","0.1517509727626459"
"514","0.0037701635752332816","0.0","0.0854368932038835","0.10097087378640776","0.15145631067961166"
"515","0.003755550538119906","0.0","0.08527131782945736","0.10077519379844961","0.1511627906976744"
"516","0.003741022296193033","0.0","0.0851063829787234","0.10058027079303675","0.15087040618955513"
"517","0.0037265781946633227","0.0","0.08494208494208494","0.10038610038610038","0.15057915057915058"
"518","0.0037122175850500404","0.0","0.08477842003853564","0.1001926782273603","0.15028901734104047"
"519","0.003697939825107382","0.0","0.08461538461538462","0.1","0.15"
"520","0.0036837442787538404","0.0","0.08445297504798464","0.09980806142034548","0.14971209213051823"
"521","0.0036696303159999824","0.0","0.0842911877394636","0.09961685823754789","0.14942528735632185"
"522","0.003655597312879556","0.0","0.0841300191204589","0.0994263862332696","0.1491395793499044"
"523","0.003641644651380086","0.0","0.08396946564885496","0.09923664122137404","0.14885496183206107"
"524","0.0036277717193747994","0.0","0.0838095238095238","0.09904761904761905","0.14857142857142858"
"525","0.003613977910555874","0.0","0.08365019011406843","0.09885931558935361","0.1482889733840304"
"526","0.0036002626243677965","0.0","0.08349146110056926","0.09867172675521822","0.14800759013282733"
"527","0.0035866252659422296","0.0","0.08333333333333333","0.09848484848484848","0.14772727272727273"
"528","0.003573065246033084","0.0","0.0831758034026465","0.09829867674858223","0.14744801512287334"
"529","0.0035595819809537193","0.0","0.0830188679245283","0.09811320754716982","0.1471698113207547"
"530","0.0035461748925132465","0.0","0.08286252354048965","0.09792843691148775","0.14689265536723164"
"531","0.003532843407954833","0.0","0.08270676691729323","0.09774436090225563","0.14661654135338345"
"532","0.0035195869598950214","0.0","0.0825515947467167","0.0975609756097561","0.14634146341463414"
"533","0.003506404986262453","0.0","0.08239700374531835","0.09737827715355805","0.14606741573033707"
"534","0.0034932969302390844","0.0","0.08224299065420561","0.09719626168224299","0.14579439252336449"
"535","0.003480262240200895","0.0","0.08208955223880597","0.09701492537313433","0.1455223880597015"
"536","0.0034673003696601063","0.0","0.08193668528864059","0.09683426443202979","0.1452513966480447"
"537","0.0034544107772078313","0.0","0.08178438661710037","0.09665427509293681","0.1449814126394052"
"538","0.0034415929264574687","0.0","0.08163265306122448","0.10018552875695733","0.14471243042671614"
"539","0.0034288462859891483","0.0","0.08148148148148149","0.1","0.14444444444444443"
"540","0.003416170329294161","0.0","0.08133086876155268","0.09981515711645102","0.14417744916820702"
"541","0.003403564534721157","0.0","0.08118081180811808","0.0996309963099631","0.14391143911439114"
"542","0.003391028385421999","0.0","0.08103130755064457","0.09944751381215469","0.143646408839779"
"543","0.0033785613692990444","0.0","0.08088235294117647","0.09926470588235294","0.14338235294117646"
"544","0.0033661629789531167","0.0","0.08073394495412844","0.09908256880733946","0.14311926605504588"
"545","0.003353832711630899","0.0","0.08058608058608059","0.0989010989010989","0.14285714285714285"
"546","0.0033415700691750917","0.0","0.08043875685557587","0.09872029250457039","0.1425959780621572"
"547","0.003329374557973866","0.0","0.08029197080291971","0.09854014598540146","0.14233576642335766"
"548","0.0033172456889102525","0.0","0.08014571948998178","0.09836065573770492","0.14207650273224043"
"549","0.003305182977314148","0.0","0.08","0.09818181818181818","0.14181818181818182"
"550","0.0032931859429137073","0.0","0.07985480943738657","0.09800362976406533","0.14156079854809436"
"551","0.0032812541097872695","0.0","0.07971014492753623","0.09782608695652174","0.14130434782608695"
"552","0.003269387006316004","0.0","0.07956600361663653","0.09764918625678119","0.1410488245931284"
"553","0.0032575841651379996","0.0","0.07942238267148015","0.09747292418772563","0.1407942238267148"
"554","0.00324584512310141","0.0","0.07927927927927927","0.0972972972972973","0.14054054054054055"
"555","0.0032341694212197464","0.0","0.07913669064748201","0.09712230215827339","0.14028776978417265"
"556","0.0032225566046266262","0.0","0.07899461400359066","0.09694793536804308","0.1400359066427289"
"557","0.003211006222531114","0.0","0.07885304659498207","0.0967741935483871","0.13978494623655913"
"558","0.0031995178281749637","0.0","0.07871198568872988","0.09660107334525939","0.13953488372093023"
"559","0.0031880909787886935","0.0","0.07857142857142857","0.09642857142857143","0.1392857142857143"
"560","0.003176725235548742","0.0","0.0784313725490196","0.0962566844919786","0.13903743315508021"
"561","0.003165420163536089","0.0","0.07829181494661921","0.09608540925266904","0.1387900355871886"
"562","0.0031541753316940094","0.0","0.07815275310834814","0.09591474245115453","0.13854351687388988"
"563","0.0031429903127873807","0.0","0.07801418439716312","0.09574468085106383","0.13829787234042554"
"564","0.0031318646833615195","0.0","0.07787610619469026","0.09557522123893805","0.13805309734513274"
"565","0.003120798023702961","0.0","0.07773851590106007","0.09540636042402827","0.13780918727915195"
"566","0.0031097899177993504","0.0","0.07760141093474426","0.09523809523809523","0.13756613756613756"
"567","0.0030988399533000543","0.0","0.07746478873239436","0.09507042253521127","0.13732394366197184"
"568","0.003087947721478294","0.0","0.0773286467486819","0.09490333919156414","0.13708260105448156"
"569","0.0030771128171923727","0.0","0.07719298245614035","0.09473684210526316","0.1368421052631579"
"570","0.003066334838848412","0.0","0.07705779334500876","0.09457092819614711","0.13660245183887915"
"571","0.0030556133883629776","0.0","0.07692307692307693","0.0944055944055944","0.13636363636363635"
"572","0.0030449480711260976","0.0","0.07678883071553229","0.09424083769633508","0.13612565445026178"
"573","0.003034338495965363","0.0","0.07665505226480836","0.09407665505226481","0.13588850174216027"
"574","0.003023784275109906","0.0","0.07652173913043478","0.09391304347826086","0.1356521739130435"
"575","0.003013285024154655","0.0","0.0763888888888889","0.09375","0.13541666666666666"
"576","0.0030028403620257493","0.0","0.07625649913344887","0.09358752166377816","0.13518197573656845"
"577","0.0029924499109461183","0.0","0.07612456747404844","0.09342560553633218","0.13494809688581316"
"578","0.002982113296400532","0.0","0.07599309153713299","0.09326424870466321","0.13471502590673576"
"579","0.002971830147102678","0.0","0.07586206896551724","0.09655172413793103","0.13448275862068965"
"580","0.0029616000949611136","0.0","0.0757314974182444","0.0963855421686747","0.1342512908777969"
"581","0.00295142277504713","0.0","0.07560137457044673","0.09621993127147767","0.13402061855670103"
"582","0.002941297825561583","0.0","0.07547169811320754","0.09605488850771869","0.13379073756432247"
"583","0.002931224887802744","0.0","0.07534246575342465","0.0958904109589041","0.13356164383561644"
"584","0.0029212036061350664","0.0","0.07521367521367521","0.09572649572649573","0.13333333333333333"
"585","0.0029112336279572036","0.0","0.07508532423208192","0.09556313993174062","0.13310580204778158"
"586","0.0029013146036711273","0.0","0.07495741056218058","0.09540034071550256","0.13287904599659284"
"587","0.0028914461866518535","0.0","0.07482993197278912","0.09523809523809523","0.1326530612244898"
"588","0.0028816280332167026","0.0","0.07470288624787776","0.09507640067911714","0.13242784380305603"
"589","0.0028718598025956436","0.0","0.07457627118644068","0.09491525423728814","0.13220338983050847"
"590","0.002862141156901556","0.0","0.07445008460236886","0.09475465313028765","0.1319796954314721"
"591","0.0028524717611011735","0.0","0.07432432432432433","0.09797297297297297","0.13175675675675674"
"592","0.0028428512829862316","0.0","0.07419898819561552","0.09780775716694773","0.1315345699831366"
"593","0.0028332793931445176","0.0","0.07407407407407407","0.09764309764309764","0.13131313131313133"
"594","0.002823755764932268","0.0","0.07394957983193277","0.09747899159663866","0.13109243697478992"
"595","0.0028142800744458876","0.0","0.0738255033557047","0.09731543624161074","0.13087248322147652"
"596","0.002804852000494621","0.0","0.07370184254606366","0.09715242881072027","0.1306532663316583"
"597","0.0027954712245732106","0.0","0.07357859531772576","0.09698996655518395","0.13043478260869565"
"598","0.0027861374308351177","0.0","0.07345575959933222","0.09682804674457429","0.1302170283806344"
"599","0.002776850306065626","0.0","0.07333333333333333","0.09666666666666666","0.13"
"600","0.002767609539656165","0.0","0.07321131447587355","0.09650582362728785","0.129783693843594"
"601","0.0027584148235774725","0.0","0.07308970099667775","0.09634551495016612","0.12956810631229235"
"602","0.002749265852354998","0.0","0.07296849087893864","0.09618573797678276","0.12935323383084577"
"603","0.002740162323042676","0.0","0.0728476821192053","0.09602649006622517","0.1291390728476821"
"604","0.0027311039351978943","0.0","0.07272727272727272","0.09586776859504133","0.12892561983471074"
"605","0.002722090390857273","0.0","0.07260726072607261","0.09570957095709572","0.12871287128712872"
"606","0.00271312139451175","0.0","0.07248764415156507","0.09555189456342669","0.128500823723229"
"607","0.002704196653082466","0.0","0.07236842105263158","0.09539473684210527","0.12828947368421054"
"608","0.0026953158758966185","0.0","0.0722495894909688","0.09523809523809523","0.12807881773399016"
"609","0.002686478774664193","0.0","0.07213114754098361","0.09508196721311475","0.12786885245901639"
"610","0.002677685063454095","0.0","0.07201309328968904","0.09492635024549918","0.1276595744680851"
"611","0.0026689344586716245","0.0","0.0718954248366013","0.09477124183006536","0.12745098039215685"
"612","0.0026602266790348773","0.0","0.07177814029363784","0.09461663947797716","0.1272430668841762"
"613","0.0026515614455525772","0.0","0.07166123778501629","0.09446254071661238","0.1270358306188925"
"614","0.002642938481502033","0.0","0.07154471544715447","0.0943089430894309","0.12682926829268293"
"615","0.002634357512406296","0.0","0.07142857142857142","0.09415584415584416","0.1266233766233766"
"616","0.0026258182660127364","0.0","0.0713128038897893","0.09724473257698542","0.12641815235008103"
"617","0.0026173204722716426","0.0","0.07119741100323625","0.0970873786407767","0.1262135922330097"
"618","0.0026088638633143895","0.0","0.07108239095315025","0.09693053311793215","0.1260096930533118"
"619","0.0026004481734327282","0.0","0.07096774193548387","0.0967741935483871","0.12580645161290321"
"620","0.002592073139057642","0.0","0.07085346215780998","0.0966183574879227","0.12560386473429952"
"621","0.0025837384987392235","0.0","0.0707395498392283","0.09646302250803858","0.12540192926045016"
"622","0.002575443993125197","0.0","0.07062600321027288","0.09630818619582665","0.12520064205457465"
"623","0.002567189364942106","0.0","0.07051282051282051","0.09615384615384616","0.125"
"624","0.0025589743589743193","0.0","0.0704","0.096","0.1248"
"625","0.0025507987220446857","0.0","0.07028753993610223","0.09584664536741214","0.12460063897763578"
"626","0.002542662202995108","0.0","0.07017543859649122","0.09569377990430622","0.12440191387559808"
"627","0.002534564552667206","0.0","0.07006369426751592","0.09554140127388536","0.12420382165605096"
"628","0.0025265055238828096","0.0","0.06995230524642289","0.0985691573926868","0.12400635930047695"
"629","0.002518484871426074","0.0","0.06984126984126984","0.09841269841269841","0.12698412698412698"
"630","0.0025105023520237886","0.0","0.06973058637083994","0.098256735340729","0.12678288431061807"
"631","0.0025025577243274876","0.0","0.06962025316455696","0.0981012658227848","0.12974683544303797"
"632","0.002494650748895107","0.0","0.06951026856240126","0.09794628751974724","0.12954186413902052"
"633","0.0024867811881730765","0.0","0.0694006309148265","0.09779179810725552","0.12933753943217666"
"634","0.002478948806478052","0.0","0.06929133858267716","0.09763779527559055","0.12913385826771653"
"635","0.002471153369979706","0.0","0.06918238993710692","0.09748427672955975","0.1289308176100629"
"636","0.0024633946466830637","0.0","0.06907378335949764","0.09733124018838304","0.12872841444270017"
"637","0.0024556724064113537","0.0","0.06896551724137931","0.09717868338557993","0.12852664576802508"
"638","0.0024479864207886696","0.0","0.06885758998435054","0.09702660406885759","0.12832550860719874"
"639","0.002440336463223769","0.0","0.06875","0.096875","0.128125"
"640","0.002432722308892338","0.0","0.0686427457098284","0.0998439937597504","0.12792511700468018"
"641","0.0024251437347212836","0.0","0.06853582554517133","0.09968847352024922","0.1277258566978193"
"642","0.0024176005193722876","0.0","0.06842923794712286","0.09953343701399689","0.12752721617418353"
"643","0.0024100924432251575","0.0","0.06832298136645963","0.09937888198757763","0.12732919254658384"
"644","0.002402619288362484","0.0","0.06821705426356589","0.09922480620155039","0.12713178294573643"
"645","0.0023951808385532045","0.0","0.06811145510835913","0.09907120743034056","0.12693498452012383"
"646","0.002387776879237813","0.0","0.06800618238021638","0.09891808346213292","0.1267387944358578"
"647","0.0023804071975118677","0.0","0.06790123456790123","0.09876543209876543","0.12654320987654322"
"648","0.0023730715821110478","0.0","0.06779661016949153","0.09861325115562404","0.1263482280431433"
"649","0.0023657698233969663","0.0","0.06769230769230769","0.09846153846153846","0.12615384615384614"
"650","0.0023585017133404005","0.0","0.06758832565284179","0.09831029185867896","0.1259600614439324"
"651","0.002351267045508082","0.0","0.06748466257668712","0.09815950920245399","0.12576687116564417"
"652","0.002344065615047167","0.0","0.06738131699846861","0.09800918836140889","0.12557427258805512"
"653","0.002336897218670809","0.0","0.0672782874617737","0.09785932721712538","0.12538226299694188"
"654","0.0023297616546443796","0.0","0.06717557251908397","0.09770992366412214","0.1251908396946565"
"655","0.0023226587227704334","0.0","0.06707317073170732","0.0975609756097561","0.125"
"656","0.0023155882243754513","0.0","0.0669710806697108","0.0974124809741248","0.1248097412480974"
"657","0.0023085499622952374","0.0","0.0668693009118541","0.0972644376899696","0.12462006079027356"
"658","0.002301543740861913","0.0","0.06676783004552352","0.09711684370257967","0.1244309559939302"
"659","0.00229456936588957","0.0","0.06666666666666667","0.09696969696969697","0.12424242424242424"
"660","0.0022876266446614237","0.0","0.06656580937972768","0.09682299546142209","0.12405446293494705"
"661","0.002280715385916227","0.0","0.06646525679758308","0.09667673716012085","0.12386706948640483"
"662","0.002273835399835066","0.0","0.06636500754147813","0.09653092006033183","0.12368024132730016"
"663","0.002266986498028272","0.0","0.06626506024096386","0.09939759036144578","0.12349397590361445"
"664","0.002260168493522966","0.0","0.06616541353383458","0.09924812030075188","0.12330827067669173"
"665","0.002253381200749691","0.0","0.06606606606606606","0.0990990990990991","0.12312312312312312"
"666","0.0022466244355299303","0.0","0.06596701649175413","0.09895052473763119","0.12293853073463268"
"667","0.0022398980150643375","0.0","0.0658682634730539","0.09880239520958084","0.12275449101796407"
"668","0.0022332017579191126","0.0","0.06576980568011959","0.09865470852017937","0.12257100149476831"
"669","0.0022265354840148794","0.0","0.06567164179104477","0.09850746268656717","0.12238805970149254"
"670","0.0022198990146139646","0.0","0.06557377049180328","0.09836065573770492","0.12220566318926974"
"671","0.002213292172308558","0.0","0.06547619047619048","0.09821428571428571","0.12202380952380952"
"672","0.00220671478100897","0.0","0.06537890044576523","0.09806835066864784","0.12184249628528974"
"673","0.0022001666659318317","0.0","0.06528189910979229","0.09792284866468842","0.12166172106824925"
"674","0.0021936476535883128","0.0","0.06518518518518518","0.09777777777777778","0.12148148148148148"
"675","0.002187157571772948","0.0","0.0650887573964497","0.09763313609467456","0.12130177514792899"
"676","0.0021806962495520598","0.0","0.06499261447562776","0.09748892171344166","0.12112259970457903"
"677","0.0021742635172525364","0.0","0.06489675516224189","0.09734513274336283","0.12094395280235988"
"678","0.0021678592064505384","0.0","0.06480117820324006","0.09720176730486009","0.12076583210603829"
"679","0.0021614831499609764","0.0","0.06470588235294118","0.09705882352941177","0.12058823529411765"
"680","0.0021551351818260775","0.0","0.06461086637298091","0.09691629955947137","0.12041116005873716"
"681","0.002148815137304556","0.0","0.06451612903225806","0.0967741935483871","0.12023460410557185"
"682","0.0021425228528614572","0.0","0.06442166910688141","0.09663250366032211","0.12005856515373353"
"683","0.00213625816615718","0.0","0.06432748538011696","0.09649122807017543","0.11988304093567251"
"684","0.002130020916037091","0.0","0.06423357664233577","0.09635036496350365","0.11970802919708029"
"685","0.0021238109425209","0.0","0.0641399416909621","0.09620991253644315","0.119533527696793"
"686","0.0021176280867930366","0.0","0.06404657933042213","0.09606986899563319","0.11935953420669577"
"687","0.0021114721911919556","0.0","0.06395348837209303","0.09593023255813954","0.11918604651162791"
"688","0.0021053430992001116","0.0","0.06386066763425254","0.09579100145137881","0.11901306240928883"
"689","0.0020992406554342694","0.0","0.06376811594202898","0.09565217391304348","0.11884057971014493"
"690","0.002093164705635568","0.0","0.06367583212735166","0.09840810419681621","0.11866859623733719"
"691","0.002087115096659755","0.0","0.06358381502890173","0.09826589595375723","0.11849710982658959"
"692","0.002081091676467337","0.0","0.06349206349206349","0.09812409812409813","0.12121212121212122"
"693","0.0020750942941144793","0.0","0.06340057636887608","0.09798270893371758","0.12103746397694524"
"694","0.002069122799742908","0.0","0.06330935251798561","0.09784172661870504","0.12086330935251799"
"695","0.0020631770445712996","0.0","0.06321839080459771","0.09770114942528736","0.1206896551724138"
"696","0.0020572568808852718","0.0","0.06312769010043041","0.0975609756097561","0.12338593974175036"
"697","0.0020513621620288414","0.0","0.06303724928366762","0.10028653295128939","0.12320916905444126"
"698","0.0020454927423949874","0.0","0.06294706723891273","0.10014306151645208","0.12303290414878398"
"699","0.002039648477416693","0.0","0.06285714285714286","0.1","0.12285714285714286"
"700","0.002033829223558151","0.0","0.06276747503566334","0.09985734664764621","0.12268188302425106"
"701","0.0020280348383058815","0.0","0.06267806267806268","0.09971509971509972","0.1225071225071225"
"702","0.002022265180159922","0.0","0.06258890469416785","0.09957325746799431","0.12233285917496443"
"703","0.002016520108625418","0.0","0.0625","0.09943181818181818","0.12215909090909091"
"704","0.002010799484203725","0.0","0.062411347517730496","0.09929078014184398","0.12198581560283688"
"705","0.002005103168384461","0.0","0.06232294617563739","0.09915014164305949","0.12181303116147309"
"706","0.001999431023636513","0.0","0.06223479490806223","0.09900990099009901","0.12164073550212164"
"707","0.0019937829134003154","0.0","0.062146892655367235","0.1016949152542373","0.12146892655367232"
"708","0.001988158702078994","0.0","0.06205923836389281","0.10155148095909731","0.12129760225669958"
"709","0.001982558255030868","0.0","0.061971830985915494","0.10140845070422536","0.12112676056338029"
"710","0.001976981438561052","0.0","0.06188466947960619","0.10126582278481013","0.1209563994374121"
"711","0.0019714281199133704","0.0","0.06179775280898876","0.10393258426966293","0.12078651685393259"
"712","0.001965898167262819","0.0","0.061711079943899017","0.10378681626928471","0.12061711079943899"
"713","0.0019603914497075296","0.0","0.06162464985994398","0.10364145658263306","0.12044817927170869"
"714","0.001954907837260727","0.0","0.06153846153846154","0.1034965034965035","0.12027972027972028"
"715","0.001949447200843859","0.0","0.061452513966480445","0.10335195530726257","0.12011173184357542"
"716","0.0019440094122780472","0.0","0.061366806136680614","0.10320781032078104","0.1199442119944212"
"717","0.0019385943442772641","0.0","0.06128133704735376","0.10306406685236769","0.11977715877437325"
"718","0.001933201870440624","0.0","0.061196105702364396","0.10292072322670376","0.11961057023643949"
"719","0.0019278318652449717","0.0","0.06111111111111111","0.10277777777777777","0.11944444444444445"
"720","0.0019224842040376144","0.0","0.06102635228848821","0.10263522884882108","0.11927877947295423"
"721","0.0019171587630291906","0.0","0.060941828254847646","0.10249307479224377","0.11911357340720222"
"722","0.0019118554192863626","0.0","0.06085753803596127","0.10235131396957123","0.11894882434301521"
"723","0.0019065740507248068","0.0","0.06077348066298342","0.10220994475138122","0.11878453038674033"
"724","0.0019013145361021025","0.0","0.060689655172413794","0.10206896551724139","0.11862068965517242"
"725","0.0018960767550109169","0.0","0.06060606060606061","0.10192837465564739","0.1184573002754821"
"726","0.0018908605878720103","0.0","0.06052269601100413","0.10178817056396149","0.11829436038514443"
"727","0.001885665915927299","0.0","0.06043956043956044","0.10164835164835165","0.11813186813186813"
"728","0.0018804926212333663","0.0","0.06035665294924554","0.10150891632373114","0.11796982167352538"
"729","0.001875340586654636","0.0","0.06027397260273973","0.10136986301369863","0.1178082191780822"
"730","0.001870209695856681","0.0","0.060191518467852256","0.1012311901504788","0.11764705882352941"
"731","0.0018650998332997407","0.0","0.060109289617486336","0.10382513661202186","0.11748633879781421"
"732","0.0018600108842320602","0.0","0.06002728512960437","0.10368349249658936","0.11732605729877217"
"733","0.0018549427346837477","0.0","0.05994550408719346","0.10354223433242507","0.11716621253405994"
"734","0.001849895271460064","0.0","0.05986394557823129","0.10340136054421768","0.11700680272108843"
"735","0.0018448683821354604","0.0","0.059782608695652176","0.10326086956521739","0.11684782608695653"
"736","0.0018398619550468965","0.0","0.05970149253731343","0.10312075983717775","0.11668928086838534"
"737","0.0018348758792879794","0.0","0.05962059620596206","0.10298102981029811","0.11653116531165311"
"738","0.0018299100447026144","0.0","0.05953991880920163","0.10284167794316644","0.11637347767253045"
"739","0.0018249643418790902","0.0","0.05945945945945946","0.10270270270270271","0.11621621621621622"
"740","0.0018200386621439058","0.0","0.059379217273954114","0.10256410256410256","0.11605937921727395"
"741","0.0018151328975559524","0.0","0.05929919137466307","0.10242587601078167","0.11590296495956873"
"742","0.0018102469409003621","0.0","0.059219380888290714","0.10228802153432032","0.11574697173620457"
"743","0.0018053806856828233","0.0","0.05913978494623656","0.10215053763440861","0.11559139784946236"
"744","0.0018005340261239454","0.0","0.05906040268456376","0.10201342281879194","0.11543624161073826"
"745","0.001795706857153132","0.0","0.058981233243967826","0.10187667560321716","0.11528150134048257"
"746","0.0017908990744030775","0.0","0.058902275769745646","0.10174029451137885","0.11512717536813923"
"747","0.001786110574204152","0.0","0.058823529411764705","0.10160427807486631","0.11497326203208556"
"748","0.0017813412535787583","0.0","0.05874499332443257","0.10146862483311081","0.11481975967957277"
"749","0.0017765910102358474","0.0","0.058666666666666666","0.10133333333333333","0.11466666666666667"
"750","0.0017718597425654765","0.0","0.05858854860186418","0.10119840213049268","0.11451398135818908"
"751","0.001767147349633146","0.0","0.05851063829787234","0.10106382978723404","0.11436170212765957"
"752","0.001762453731174598","0.0","0.05843293492695883","0.10092961487383798","0.11420982735723771"
"753","0.0017577787875905804","0.0","0.058355437665782495","0.10079575596816977","0.11405835543766578"
"754","0.0017531224199413505","0.0","0.05827814569536424","0.10066225165562914","0.11390728476821192"
"755","0.0017484845299414865","0.0","0.0582010582010582","0.10052910052910052","0.11375661375661375"
"756","0.0017438650199548523","0.0","0.05812417437252312","0.10039630118890357","0.11360634081902246"
"757","0.0017392637929892268","0.0","0.05804749340369393","0.10026385224274406","0.11345646437994723"
"758","0.0017346807526915761","0.0","0.057971014492753624","0.10013175230566534","0.11330698287220026"
"759","0.0017301158033423516","0.0","0.05789473684210526","0.1","0.11315789473684211"
"760","0.0017255688498512911","0.0","0.05781865965834428","0.09986859395532194","0.11300919842312747"
"761","0.0017210397977519836","0.0","0.05774278215223097","0.09973753280839895","0.11286089238845144"
"762","0.0017165285531969248","0.0","0.057667103538663174","0.09960681520314547","0.1127129750982962"
"763","0.001712035022952946","0.0","0.05759162303664921","0.09947643979057591","0.112565445026178"
"764","0.0017075591143961945","0.0","0.05751633986928104","0.09934640522875816","0.11241830065359477"
"765","0.0017031007355074166","0.0","0.057441253263707574","0.09921671018276762","0.1122715404699739"
"766","0.0016986597948672724","0.0","0.05736636245110821","0.09908735332464146","0.1121251629726206"
"767","0.0016942362016514334","0.0","0.057291666666666664","0.09895833333333333","0.11197916666666667"
"768","0.0016898298656263793","0.0","0.05721716514954486","0.0988296488946684","0.11183355006501951"
"769","0.0016854406971441966","0.0","0.05714285714285714","0.0987012987012987","0.11168831168831168"
"770","0.0016810686071386338","0.0","0.057068741893644616","0.09857328145265888","0.11154345006485085"
"771","0.0016767135071201554","0.0","0.05699481865284974","0.09844559585492228","0.11139896373056994"
"772","0.0016723753091715868","0.0","0.056921086675291076","0.09831824062095731","0.111254851228978"
"773","0.0016680539259437558","0.0","0.056847545219638244","0.09819121447028424","0.1111111111111111"
"774","0.0016637492706509844","0.0","0.0567741935483871","0.09806451612903226","0.1135483870967742"
"775","0.0016594612570668364","0.0","0.05670103092783505","0.0979381443298969","0.1134020618556701"
"776","0.0016551897995196758","0.0","0.05662805662805663","0.0978120978120978","0.11325611325611326"
"777","0.001650934812888554","0.0","0.056555269922879174","0.09768637532133675","0.11311053984575835"
"778","0.0016466962125987275","0.0","0.05648267008985879","0.0975609756097561","0.11296534017971759"
"779","0.001642473914617681","0.0","0.05641025641025641","0.09743589743589744","0.11282051282051282"
"780","0.0016382678354509306","0.0","0.056338028169014086","0.0973111395646607","0.11267605633802817"
"781","0.0016340778921377448","0.0","0.056265984654731455","0.09718670076726342","0.11253196930946291"
"782","0.0016299040022472308","0.0","0.0561941251596424","0.0970625798212005","0.1123882503192848"
"783","0.0016257460838741565","0.0","0.05612244897959184","0.09693877551020408","0.11224489795918367"
"784","0.0016216040556349862","0.0","0.05605095541401274","0.09681528662420383","0.11210191082802548"
"785","0.0016174778366639128","0.0","0.05597964376590331","0.09669211195928754","0.11195928753180662"
"786","0.0016133673466088808","0.0","0.05590851334180432","0.096569250317662","0.11181702668360864"
"787","0.001609272505627606","0.0","0.05583756345177665","0.09644670050761421","0.1116751269035533"
"788","0.0016051932343839844","0.0","0.05576679340937896","0.09632446134347275","0.11153358681875793"
"789","0.0016011294540437373","0.0","0.05569620253164557","0.09620253164556962","0.11139240506329114"
"790","0.0015970810862712035","0.0","0.05562579013906448","0.09608091024020228","0.11125158027812895"
"791","0.0015930480532250425","0.0","0.05555555555555555","0.09595959595959595","0.1111111111111111"
"792","0.0015890302775548682","0.0","0.05548549810844893","0.09583858764186633","0.11097099621689786"
"793","0.0015850276823973317","0.0","0.055415617128463476","0.09571788413098237","0.11083123425692695"
"794","0.0015810401913723816","0.0","0.055345911949685536","0.09559748427672957","0.11069182389937107"
"795","0.0015770677285800116","0.0","0.05527638190954774","0.09547738693467336","0.11055276381909548"
"796","0.0015731102185961095","0.0","0.05520702634880803","0.09535759096612297","0.11041405269761606"
"797","0.001569167586469296","0.0","0.05513784461152882","0.09523809523809523","0.11027568922305764"
"798","0.0015652397577171852","0.0","0.05506883604505632","0.0951188986232791","0.11013767209011265"
"799","0.0015613266583228834","0.0","0.055","0.095","0.11"
"800","0.0015574282147315884","0.0","0.05493133583021224","0.09488139825218476","0.10986267166042447"
"801","0.0015535443538469624","0.0","0.05486284289276808","0.09476309226932668","0.10972568578553615"
"802","0.0015496750030279255","0.0","0.0547945205479452","0.09464508094645081","0.1095890410958904"
"803","0.0015458200900850805","0.0","0.05472636815920398","0.0945273631840796","0.10945273631840796"
"804","0.0015419795432774137","0.0","0.0546583850931677","0.09440993788819876","0.1093167701863354"
"805","0.0015381532913089496","0.0","0.05459057071960298","0.09429280397022333","0.10918114143920596"
"806","0.00153434126332557","0.0","0.05452292441140025","0.09417596034696406","0.1090458488228005"
"807","0.0015305433889114012","0.0","0.054455445544554455","0.09405940594059406","0.10891089108910891"
"808","0.0015267595980858939","0.0","0.054388133498145856","0.09394313967861558","0.10877626699629171"
"809","0.0015229898213005055","0.0","0.05432098765432099","0.09382716049382717","0.10864197530864197"
"810","0.0015192339894353694","0.0","0.05425400739827373","0.093711467324291","0.10850801479654747"
"811","0.0015154920337963763","0.0","0.054187192118226604","0.09359605911330049","0.10837438423645321"
"812","0.0015117638861117516","0.0","0.05412054120541206","0.09348093480934809","0.10824108241082411"
"813","0.001508049478529182","0.0","0.05405405405405406","0.09336609336609336","0.10810810810810811"
"814","0.001504348743612544","0.0","0.053987730061349694","0.09325153374233129","0.10797546012269939"
"815","0.0015006616143390056","0.0","0.05392156862745098","0.09313725490196079","0.10784313725490197"
"816","0.0014969880240958025","0.0","0.05385556915544676","0.09302325581395349","0.10771113831089352"
"817","0.0014933279066774862","0.0","0.05378973105134474","0.09290953545232274","0.10757946210268948"
"818","0.0014896811962826408","0.0","0.05372405372405373","0.0927960927960928","0.10744810744810745"
"819","0.0014860478275112456","0.0","0.05365853658536585","0.09268292682926829","0.1073170731707317"
"820","0.0014824277353613993","0.0","0.0535931790499391","0.0925700365408039","0.1071863580998782"
"821","0.0014788208552266918","0.0","0.0535279805352798","0.09245742092457421","0.1070559610705596"
"822","0.0014752271228932134","0.0","0.053462940461725394","0.09234507897934387","0.10692588092345079"
"823","0.0014716464745366561","0.0","0.05339805825242718","0.09223300970873786","0.10679611650485436"
"824","0.0014680788467196083","0.0","0.05333333333333334","0.09212121212121212","0.10666666666666667"
"825","0.0014645241763885587","0.0","0.053268765133171914","0.09200968523002422","0.10653753026634383"
"826","0.0014609824008713344","0.0","0.053204353083434096","0.09189842805320435","0.10640870616686819"
"827","0.0014574534578740432","0.0","0.05314009661835749","0.09178743961352658","0.10628019323671498"
"828","0.0014539372854786895","0.0","0.05307599517490953","0.09167671893848009","0.10615199034981906"
"829","0.0014504338221401902","0.0","0.05301204819277108","0.09156626506024096","0.10602409638554217"
"830","0.0014469430066837898","0.0","0.052948255114320095","0.0914560770156438","0.10589651022864019"
"831","0.0014434647783023212","0.0","0.052884615384615384","0.09134615384615384","0.10576923076923077"
"832","0.0014399990765537273","0.0","0.05282112845138055","0.09123649459783914","0.1056422569027611"
"833","0.001436545841358122","0.0","0.05275779376498801","0.09352517985611511","0.10551558752997602"
"834","0.001433105012995588","0.0","0.05269461077844311","0.09341317365269461","0.10538922155688622"
"835","0.0014296765321032408","0.0","0.05263157894736842","0.09330143540669857","0.10526315789473684"
"836","0.0014262603396729269","0.0","0.052568697729988054","0.0931899641577061","0.10513739545997611"
"837","0.0014228563770483954","0.0","0.05250596658711217","0.09307875894988067","0.10501193317422435"
"838","0.0014194645859231323","0.0","0.052443384982121574","0.09296781883194279","0.10488676996424315"
"839","0.0014160849083375688","0.0","0.05238095238095238","0.09285714285714286","0.10476190476190476"
"840","0.0014127172866768482","0.0","0.052318668252080855","0.09274673008323424","0.10463733650416171"
"841","0.0014093616636681404","0.0","0.052256532066508314","0.09263657957244656","0.10451306413301663"
"842","0.0014060179823782734","0.0","0.05219454329774614","0.09489916963226572","0.10438908659549229"
"843","0.0014026861862114861","0.0","0.052132701421800945","0.0947867298578199","0.10426540284360189"
"844","0.0013993662189068614","0.0","0.05207100591715976","0.09467455621301775","0.10414201183431952"
"845","0.0013960580245359084","0.0","0.05200945626477541","0.09456264775413711","0.10401891252955082"
"846","0.0013927615475004338","0.0","0.05194805194805195","0.09445100354191263","0.1038961038961039"
"847","0.0013894767325299232","0.0","0.05188679245283019","0.09433962264150944","0.10377358490566038"
"848","0.0013862035246794105","0.0","0.05182567726737338","0.09658421672555949","0.10365135453474676"
"849","0.0013829418693272293","0.0","0.05176470588235294","0.09647058823529411","0.10352941176470588"
"850","0.0013796917121725114","0.0","0.05170387779083431","0.0963572267920094","0.10340775558166862"
"851","0.0013764529992331713","0.0","0.051643192488262914","0.09624413145539906","0.10328638497652583"
"852","0.0013732256768434036","0.0","0.05158264947245018","0.09613130128956623","0.10316529894490035"
"853","0.0013700096916517328","0.0","0.05152224824355972","0.09601873536299765","0.10304449648711944"
"854","0.0013668049906186087","0.0","0.05146198830409357","0.09590643274853801","0.10292397660818714"
"855","0.0013636115210143862","0.0","0.0514018691588785","0.09579439252336448","0.102803738317757"
"856","0.0013604292304168861","0.0","0.051341890315052506","0.09568261376896149","0.10268378063010501"
"857","0.0013572580667096377","0.0","0.05128205128205128","0.09557109557109557","0.10256410256410256"
"858","0.0013540979780793368","0.0","0.051222351571594875","0.09545983701979045","0.10244470314318975"
"859","0.0013509489130140518","0.0","0.05116279069767442","0.09534883720930233","0.10232558139534884"
"860","0.001347810820300878","0.0","0.05110336817653891","0.09523809523809523","0.10220673635307782"
"861","0.001344683649024105","0.0","0.05104408352668213","0.0951276102088167","0.10208816705336426"
"862","0.0013415673485628352","0.0","0.05098493626882966","0.09501738122827347","0.10196987253765932"
"863","0.0013384618685893122","0.0","0.05092592592592592","0.09490740740740741","0.10185185185185185"
"864","0.0013353671590665677","0.0","0.05086705202312139","0.09479768786127167","0.10173410404624278"
"865","0.0013322831702465788","0.0","0.050808314087759814","0.09699769053117784","0.10161662817551963"
"866","0.0013292098526681438","0.0","0.05074971164936563","0.09688581314878893","0.10149942329873125"
"867","0.0013261471571550973","0.0","0.05069124423963134","0.0967741935483871","0.10138248847926268"
"868","0.0013230950348140826","0.0","0.05063291139240506","0.09666283084004602","0.10126582278481013"
"869","0.0013200534370329264","0.0","0.05057471264367816","0.09655172413793103","0.10114942528735632"
"870","0.0013170223154783062","0.0","0.0505166475315729","0.09644087256027555","0.1010332950631458"
"871","0.0013140016220941845","0.0","0.05045871559633028","0.0963302752293578","0.10091743119266056"
"872","0.001310991309099699","0.0","0.050400916380297825","0.09621993127147767","0.10080183276059565"
"873","0.0013079913289873292","0.0","0.05034324942791762","0.09610983981693363","0.10068649885583524"
"874","0.0013050016345210744","0.0","0.05028571428571429","0.096","0.10057142857142858"
"875","0.0013020221787345136","0.0","0.0502283105022831","0.09817351598173515","0.1004566210045662"
"876","0.0012990529149289457","0.0","0.05017103762827822","0.09806157354618016","0.10034207525655645"
"877","0.0012960937966717025","0.0","0.05011389521640091","0.0979498861047836","0.10022779043280182"
"878","0.0012931447777941988","0.0","0.05005688282138794","0.09783845278725825","0.10011376564277588"
"879","0.0012902058123901257","0.0","0.05","0.09772727272727273","0.1"
"880","0.0012872768548137514","0.0","0.049943246311010214","0.09988649262202043","0.09988649262202043"
"881","0.0012843578596781068","0.0","0.049886621315192746","0.09977324263038549","0.09977324263038549"
"882","0.0012814487818532294","0.0","0.04983012457531144","0.09966024915062288","0.09966024915062288"
"883","0.0012785495764644373","0.0","0.049773755656108594","0.09954751131221719","0.09954751131221719"
"884","0.0012756601988905174","0.0","0.04971751412429379","0.09943502824858758","0.09943502824858758"
"885","0.0012727806047620862","0.0","0.04966139954853273","0.09932279909706546","0.09932279909706546"
"886","0.0012699107499599296","0.0","0.0496054114994363","0.0992108229988726","0.0992108229988726"
"887","0.0012670505906131793","0.0","0.04954954954954955","0.0990990990990991","0.0990990990990991"
"888","0.0012642000830977234","0.0","0.049493813273340834","0.09898762654668167","0.09898762654668167"
"889","0.0012613591840345806","0.0","0.04943820224719101","0.09887640449438202","0.09887640449438202"
"890","0.0012585278502881421","0.0","0.04938271604938271","0.10101010101010101","0.09876543209876543"
"891","0.0012557060389646324","0.0","0.04932735426008968","0.10089686098654709","0.09865470852017937"
"892","0.0012528937074104043","0.0","0.04927211646136618","0.10078387458006718","0.09854423292273236"
"893","0.0012500908132103742","0.0","0.049217002237136466","0.10067114093959731","0.09843400447427293"
"894","0.0012472973141864348","0.0","0.049162011173184354","0.1005586592178771","0.09832402234636871"
"895","0.0012445131683958474","0.0","0.049107142857142856","0.10044642857142858","0.09821428571428571"
"896","0.0012417383341296294","0.0","0.04905239687848383","0.10033444816053512","0.09810479375696766"
"897","0.0012389727699110933","0.0","0.04899777282850779","0.10022271714922049","0.09799554565701558"
"898","0.0012362164344941603","0.0","0.048943270300333706","0.10011123470522804","0.09788654060066741"
"899","0.0012334692868619375","0.0","0.04888888888888889","0.1","0.09777777777777778"
"900","0.0012307312862251771","0.0","0.048834628190899","0.09988901220865705","0.097669256381798"
"901","0.0012280023920206839","0.0","0.04878048780487805","0.09977827050997783","0.0975609756097561"
"902","0.0012252825639099067","0.0","0.048726467331118496","0.09966777408637874","0.09745293466223699"
"903","0.0012225717617773647","0.0","0.048672566371681415","0.09955752212389381","0.09734513274336283"
"904","0.0012198699457292275","0.0","0.04861878453038674","0.09944751381215469","0.09723756906077348"
"905","0.0012171770760918568","0.0","0.04856512141280353","0.09933774834437085","0.09713024282560706"
"906","0.0012144931134102938","0.0","0.04851157662624035","0.09922822491730982","0.0970231532524807"
"907","0.0012118180184468366","0.0","0.048458149779735685","0.09911894273127753","0.09691629955947137"
"908","0.0012091517521796108","0.0","0.0484048404840484","0.09900990099009901","0.0968096809680968"
"909","0.0012064942758012113","0.0","0.04835164835164835","0.0989010989010989","0.0967032967032967"
"910","0.00120384555071712","0.0","0.048298572996706916","0.09879253567508232","0.09659714599341383"
"911","0.001201205538544492","0.0","0.04824561403508772","0.09868421052631579","0.09649122807017543"
"912","0.0011985742011106696","0.0","0.04819277108433735","0.09857612267250822","0.0963855421686747"
"913","0.0011959515004517827","0.0","0.04814004376367615","0.09846827133479212","0.0962800875273523"
"914","0.0011933373988114381","0.0","0.048087431693989074","0.09836065573770492","0.09617486338797815"
"915","0.00119073185863937","0.0","0.048034934497816595","0.0982532751091703","0.09606986899563319"
"916","0.0011881348425899897","0.0","0.04798255179934569","0.09814612868047982","0.09596510359869138"
"917","0.001185546313521163","0.0","0.04793028322440087","0.09803921568627451","0.09586056644880174"
"918","0.0011829662344928398","0.0","0.04787812840043525","0.09793253536452666","0.0957562568008705"
"919","0.0011803945687656637","0.0","0.04782608695652174","0.09782608695652174","0.09565217391304348"
"920","0.0011778312797998342","0.0","0.04777415852334419","0.09771986970684039","0.09554831704668838"
"921","0.001175276331253626","0.0","0.04772234273318872","0.09761388286334056","0.09544468546637744"
"922","0.0011727296869822365","0.0","0.047670639219934995","0.09750812567713976","0.09534127843986999"
"923","0.0011701913110363845","0.0","0.047619047619047616","0.09740259740259741","0.09523809523809523"
"924","0.0011676611676611592","0.0","0.04756756756756757","0.0972972972972973","0.09513513513513513"
"925","0.0011651392212947255","0.0","0.047516198704103674","0.09719222462203024","0.09503239740820735"
"926","0.001162625436567023","0.0","0.04746494066882417","0.09924487594390508","0.09492988133764833"
"927","0.0011601197782985478","0.0","0.04741379310344827","0.09913793103448276","0.09482758620689655"
"928","0.0011576222114992052","0.0","0.04736275565123789","0.09903121636167922","0.09472551130247578"
"929","0.001155132701366939","0.0","0.047311827956989246","0.0989247311827957","0.09462365591397849"
"930","0.0011526512132866778","0.0","0.047261009667024706","0.09881847475832438","0.09452201933404941"
"931","0.0011501777128289786","0.0","0.04721030042918455","0.09871244635193133","0.0944206008583691"
"932","0.0011477121657489581","0.0","0.04715969989281887","0.09860664523043944","0.09431939978563773"
"933","0.0011452545379850292","0.0","0.047109207708779445","0.09850107066381156","0.09635974304068523"
"934","0.0011428047956578004","0.0","0.047058823529411764","0.09839572192513368","0.0962566844919786"
"935","0.0011403629050687903","0.0","0.04700854700854701","0.09829059829059829","0.09615384615384616"
"936","0.0011379288326993796","0.0","0.04695837780149413","0.09818569903948772","0.096051227321238"
"937","0.0011355025452096095","0.0","0.046908315565031986","0.09808102345415778","0.09594882729211088"
"938","0.0011330840094370717","0.0","0.046858359957401494","0.0979765708200213","0.09584664536741214"
"939","0.0011306731923957146","0.0","0.04680851063829787","0.09787234042553192","0.09574468085106383"
"940","0.0011282700612747845","0.0","0.04675876726886291","0.09776833156216791","0.09564293304994687"
"941","0.0011258745834376855","0.0","0.04670912951167728","0.09766454352441614","0.09554140127388536"
"942","0.0011234867264208514","0.0","0.04665959703075292","0.0975609756097561","0.09544008483563096"
"943","0.0011211064579326642","0.0","0.046610169491525424","0.09745762711864407","0.09533898305084745"
"944","0.001118733745852394","0.0","0.04656084656084656","0.09735449735449736","0.09523809523809523"
"945","0.0011163685582290244","0.0","0.046511627906976744","0.09725158562367865","0.09513742071881606"
"946","0.0011140108632802831","0.0","0.046462513199577615","0.09714889123548047","0.09503695881731784"
"947","0.0011116606293915033","0.0","0.046413502109704644","0.0970464135021097","0.0949367088607595"
"948","0.0011093178251145987","0.0","0.04636459430979979","0.09694415173867228","0.09483667017913593"
"949","0.0011069824191669922","0.0","0.04631578947368421","0.0968421052631579","0.09473684210526316"
"950","0.001104654380430574","0.0","0.046267087276550996","0.09674027339642481","0.0946372239747634"
"951","0.0011023336779506744","0.0","0.046218487394957986","0.09663865546218488","0.09453781512605042"
"952","0.00110002028093504","0.0","0.046169989506820566","0.09653725078698845","0.0944386149003148"
"953","0.0010977141587527842","0.0","0.04612159329140461","0.09643605870020965","0.09433962264150944"
"954","0.0010954152809334063","0.0","0.04607329842931937","0.09633507853403141","0.09424083769633508"
"955","0.0010931236171657678","0.0","0.04602510460251046","0.09623430962343096","0.09414225941422594"
"956","0.0010908391372970738","0.0","0.04597701149425287","0.0961337513061651","0.09404388714733543"
"957","0.0010885618113319507","0.0","0.04592901878914405","0.09603340292275574","0.09394572025052192"
"958","0.001086291609431358","0.0","0.045881126173096975","0.09593326381647549","0.09384775808133472"
"959","0.0010840285019117156","0.0","0.04583333333333333","0.09583333333333334","0.09375"
"960","0.0010817724592438428","0.0","0.045785639958376693","0.09573361082206035","0.09365244536940687"
"961","0.0010795234520520672","0.0","0.04573804573804574","0.09563409563409564","0.09355509355509356"
"962","0.0010772814511132295","0.0","0.04569055036344756","0.09553478712357218","0.09345794392523364"
"963","0.0010750464273557292","0.0","0.04564315352697095","0.0954356846473029","0.09336099585062241"
"964","0.0010728183518586218","0.0","0.04559585492227979","0.09533678756476684","0.09326424870466321"
"965","0.0010705971958506263","0.0","0.045548654244306416","0.09523809523809523","0.09316770186335403"
"966","0.0010683829307092693","0.0","0.045501551189245086","0.09513960703205791","0.09307135470527404"
"967","0.001066175527959868","0.0","0.045454545454545456","0.09504132231404959","0.09297520661157024"
"968","0.0010639749592747081","0.0","0.04540763673890609","0.09494324045407637","0.09287925696594428"
"969","0.0010617811964720783","0.0","0.04536082474226804","0.09484536082474226","0.09278350515463918"
"970","0.0010595942115153895","0.0","0.04531410916580844","0.09474768280123584","0.09268795056642637"
"971","0.0010574139765122715","0.0","0.04526748971193416","0.09465020576131687","0.09259259259259259"
"972","0.0010552404637136864","0.0","0.045220966084275435","0.09455292908530319","0.09249743062692703"
"973","0.001053073645513042","0.0","0.045174537987679675","0.0944558521560575","0.09240246406570841"
"974","0.0010509134944453244","0.0","0.04512820512820513","0.09435897435897436","0.09230769230769231"
"975","0.0010487599831862148","0.0","0.045081967213114756","0.0942622950819672","0.09221311475409837"
"976","0.0010466130845512356","0.0","0.04503582395087001","0.09416581371545547","0.09211873080859775"
"977","0.0010444727714948943","0.0","0.044989775051124746","0.09406952965235174","0.09202453987730061"
"978","0.0010423390171098194","0.0","0.0449438202247191","0.09397344228804903","0.09193054136874361"
"979","0.0010402117946259203","0.0","0.044897959183673466","0.09387755102040816","0.09183673469387756"
"980","0.0010380910774095593","0.0","0.04485219164118247","0.09378185524974515","0.09174311926605505"
"981","0.0010359768389626945","0.0","0.04480651731160896","0.09368635437881874","0.09164969450101833"
"982","0.001033869052922078","0.0","0.044760935910478125","0.0935910478128179","0.09155645981688708"
"983","0.0010317676930584174","0.0","0.044715447154471545","0.09349593495934959","0.09146341463414634"
"984","0.0010296727332755556","0.0","0.04467005076142132","0.09340101522842639","0.09137055837563451"
"985","0.0010275841476096834","0.0","0.04462474645030426","0.09330628803245436","0.09127789046653144"
"986","0.0010255019102285076","0.0","0.044579533941236066","0.09321175278622088","0.0911854103343465"
"987","0.0010234259954304736","0.0","0.044534412955465584","0.0931174089068826","0.09109311740890688"
"988","0.0010213563776439623","0.0","0.044489383215369056","0.09302325581395349","0.0910010111223458"
"989","0.0010192930314265002","0.0","0.044444444444444446","0.09494949494949495","0.09090909090909091"
"990","0.001017235931463983","0.0","0.044399596367305755","0.09485368314833502","0.09081735620585267"
"991","0.0010151850525699027","0.0","0.04435483870967742","0.09475806451612903","0.0907258064516129"
"992","0.001013140369684566","0.0","0.044310171198388724","0.094662638469285","0.09063444108761329"
"993","0.0010111018578743357","0.0","0.04426559356136821","0.09456740442655935","0.09054325955734406"
"994","0.0010090694923308699","0.0","0.044221105527638194","0.09447236180904522","0.09045226130653267"
"995","0.0010070432483703657","0.0","0.04417670682730924","0.09437751004016064","0.09036144578313253"
"996","0.0010050231014328125","0.0","0.044132397191574725","0.09428284854563691","0.09027081243731194"
"997","0.0010030090270812437","0.002004008016032064","0.04408817635270541","0.09418837675350701","0.09018036072144289"
"998","0.001001001001001001","0.002006014030062179","0.044044044044044044","0.0940940940940941","0.09009009009009009"
"999","0.0009989989989989988","0.004","0.044","0.094","0.09"
